Date/time UTC,Active energy Wh,Returned energy Wh,Min V,Max V
2022-01-06 01:58,46.90,0.00,230.5,238.0
2022-01-06 01:59,52.30,0.00,230.5,230.5
2022-01-06 02:00,50.90,0.00,227.5,230.5
2022-01-06 02:01,51.20,0.00,227.5,229.0
2022-01-06 02:02,10.69,0.00,229.0,236.5
2022-01-06 08:52,3.63,0.00,221.5,230.5
2022-01-06 08:53,50.00,0.00,220.0,223.0
2022-01-06 08:54,49.10,0.00,220.0,223.0
2022-01-06 08:55,50.00,0.00,223.0,226.0
2022-01-06 08:56,50.20,0.00,223.0,226.0
2022-01-06 08:57,50.10,0.00,223.0,226.0
2022-01-06 08:58,50.80,0.00,226.0,227.5
2022-01-06 08:59,50.90,0.00,226.0,227.5
2022-01-06 09:00,50.90,0.00,226.0,227.5
2022-01-06 09:01,50.90,0.00,226.0,227.5
2022-01-06 09:02,50.40,0.00,227.5,227.5
2022-01-06 09:03,49.90,0.00,223.0,227.5
2022-01-06 09:04,49.60,0.00,223.0,226.0
2022-01-06 09:05,49.30,0.00,223.0,223.0
2022-01-06 09:06,49.40,0.00,223.0,226.0
2022-01-06 09:07,49.40,0.00,223.0,226.0
2022-01-06 09:08,49.50,0.00,223.0,224.5
2022-01-06 09:09,49.60,0.00,220.0,226.0
2022-01-06 09:10,49.40,0.00,223.0,224.5
2022-01-06 09:11,49.30,0.00,221.5,226.0
2022-01-06 09:12,49.00,0.00,223.0,223.0
2022-01-06 09:13,49.10,0.00,221.5,223.0
2022-01-06 09:14,48.90,0.00,221.5,223.0
2022-01-06 09:15,49.10,0.00,221.5,223.0
2022-01-06 09:16,49.20,0.00,223.0,223.0
2022-01-06 09:17,49.40,0.00,223.0,224.5
2022-01-06 09:18,49.40,0.00,223.0,224.5
2022-01-06 09:19,49.70,0.00,223.0,224.5
2022-01-06 09:20,49.10,0.00,221.5,223.0
2022-01-06 09:21,49.50,0.00,223.0,224.5
2022-01-06 09:22,49.40,0.00,223.0,224.5
2022-01-06 09:23,49.80,0.00,223.0,224.5
2022-01-06 09:24,49.60,0.00,223.0,224.5
2022-01-06 09:25,49.50,0.00,223.0,224.5
2022-01-06 09:26,49.10,0.00,223.0,223.0
2022-01-06 09:27,49.50,0.00,223.0,224.5
2022-01-06 09:28,49.10,0.00,221.5,223.0
2022-01-06 09:29,49.20,0.00,223.0,223.0
2022-01-06 09:30,49.10,0.00,223.0,223.0
2022-01-06 09:31,49.90,0.00,223.0,226.0
2022-01-06 09:32,49.50,0.00,220.0,226.0
2022-01-06 09:33,49.20,0.00,223.0,224.5
2022-01-06 09:34,49.80,0.00,223.0,226.0
2022-01-06 09:35,49.50,0.00,221.5,227.5
2022-01-06 09:36,49.70,0.00,223.0,227.5
2022-01-06 09:37,49.10,0.00,223.0,223.0
2022-01-06 09:38,49.10,0.00,221.5,223.0
2022-01-06 09:39,48.90,0.00,221.5,223.0
2022-01-06 09:40,49.00,0.00,221.5,223.0
2022-01-06 09:41,49.00,0.00,221.5,223.0
2022-01-06 09:42,49.00,0.00,221.5,223.0
2022-01-06 09:43,49.20,0.00,223.0,223.0
2022-01-06 09:44,49.10,0.00,223.0,223.0
2022-01-06 09:45,49.10,0.00,221.5,224.5
2022-01-06 09:46,49.70,0.00,221.5,223.0
2022-01-06 09:47,50.00,0.00,221.5,224.5
2022-01-06 09:48,49.20,0.00,223.0,223.0
2022-01-06 09:49,49.10,0.00,223.0,223.0
2022-01-06 09:50,48.90,0.00,221.5,223.0
2022-01-06 09:51,48.90,0.00,221.5,223.0
2022-01-06 09:52,49.00,0.00,221.5,223.0
2022-01-06 09:53,49.00,0.00,221.5,223.0
2022-01-06 09:54,49.10,0.00,223.0,223.0
2022-01-06 09:55,49.20,0.00,223.0,223.0
2022-01-06 09:56,49.30,0.00,221.5,224.5
2022-01-06 09:57,50.10,0.00,221.5,227.5
2022-01-06 09:58,50.10,0.00,221.5,226.0
2022-01-06 09:59,49.40,0.00,223.0,226.0
2022-01-06 10:00,50.60,0.00,224.5,226.0
2022-01-06 10:01,50.70,0.00,226.0,227.5
2022-01-06 10:02,50.80,0.00,226.0,227.5
2022-01-06 10:03,51.20,0.00,227.5,229.0
2022-01-06 10:04,49.90,0.00,223.0,227.5
2022-01-06 10:05,40.47,0.00,223.0,230.5
2022-01-06 12:26,3.71,0.00,220.0,230.5
2022-01-06 12:27,48.10,0.00,218.5,221.5
2022-01-06 12:28,48.20,0.00,220.0,223.0
2022-01-06 12:29,48.00,0.00,218.5,223.0
2022-01-06 12:30,47.40,0.00,215.5,221.5
2022-01-06 12:31,48.10,0.00,215.5,223.0
2022-01-06 12:32,48.60,0.00,220.0,223.0
2022-01-06 12:33,12.95,0.00,220.0,230.5
2022-01-06 12:40,22.96,0.00,220.0,230.5
2022-01-06 12:41,48.60,0.00,220.0,223.0
2022-01-06 12:42,48.20,0.00,214.0,223.0
2022-01-06 12:43,49.00,0.00,221.5,224.5
2022-01-06 12:44,49.20,0.00,221.5,224.5
2022-01-06 12:45,48.30,0.00,215.5,224.5
2022-01-06 12:46,47.60,0.00,212.5,223.0
2022-01-06 12:47,47.40,0.00,214.0,221.5
2022-01-06 12:48,47.80,0.00,215.5,224.5
2022-01-06 12:49,48.60,0.00,215.5,224.5
2022-01-06 12:50,46.70,0.00,212.5,220.0
2022-01-06 12:51,47.80,0.00,212.5,224.5
2022-01-06 12:52,47.50,0.00,214.0,223.0
2022-01-06 12:53,47.30,0.00,214.0,223.0
2022-01-06 12:54,47.80,0.00,214.0,223.0
2022-01-06 12:55,47.10,0.00,212.5,218.5
2022-01-06 12:56,46.40,0.00,211.0,220.0
2022-01-06 12:57,47.20,0.00,214.0,220.0
2022-01-06 12:58,46.10,0.00,212.5,215.5
2022-01-06 12:59,46.30,0.00,212.5,215.5
2022-01-06 13:00,46.20,0.00,212.5,215.5
2022-01-06 13:01,47.00,0.00,214.0,218.5
2022-01-06 13:02,47.40,0.00,215.5,220.0
2022-01-06 13:03,47.00,0.00,214.0,218.5
2022-01-06 13:04,47.70,0.00,215.5,221.5
2022-01-06 13:05,47.70,0.00,220.0,221.5
2022-01-06 13:06,49.30,0.00,220.0,224.5
2022-01-06 13:07,49.60,0.00,223.0,226.0
2022-01-06 13:08,49.80,0.00,223.0,226.0
2022-01-06 13:09,49.60,0.00,223.0,224.5
2022-01-06 13:10,50.00,0.00,224.5,224.5
2022-01-06 13:11,49.60,0.00,221.5,224.5
2022-01-06 13:12,49.50,0.00,223.0,224.5
2022-01-06 13:13,49.40,0.00,221.5,224.5
2022-01-06 13:14,49.60,0.00,223.0,224.5
2022-01-06 13:15,49.40,0.00,221.5,224.5
2022-01-06 13:16,48.80,0.00,221.5,223.0
2022-01-06 13:17,49.00,0.00,221.5,223.0
2022-01-06 13:18,49.40,0.00,221.5,226.0
2022-01-06 13:19,50.00,0.00,224.5,226.0
2022-01-06 13:20,49.90,0.00,224.5,226.0
2022-01-06 13:21,50.20,0.00,224.5,226.0
2022-01-06 13:22,50.20,0.00,223.0,226.0
2022-01-06 13:23,49.80,0.00,223.0,224.5
2022-01-06 13:24,49.70,0.00,223.0,224.5
2022-01-06 13:25,49.50,0.00,223.0,224.5
2022-01-06 13:26,49.50,0.00,221.5,224.5
2022-01-06 13:27,49.60,0.00,223.0,224.5
2022-01-06 13:28,49.80,0.00,223.0,224.5
2022-01-06 13:29,49.50,0.00,221.5,224.5
2022-01-06 13:30,48.60,0.00,220.0,223.0
2022-01-06 13:31,47.00,0.00,215.5,221.5
2022-01-06 13:32,47.30,0.00,215.5,220.0
2022-01-06 13:33,48.20,0.00,218.5,223.0
2022-01-06 13:34,48.40,0.00,220.0,223.0
2022-01-06 13:35,49.20,0.00,221.5,223.0
2022-01-06 13:36,49.00,0.00,221.5,223.0
2022-01-06 13:37,49.10,0.00,221.5,223.0
2022-01-06 13:38,48.70,0.00,221.5,223.0
2022-01-06 13:39,48.30,0.00,220.0,221.5
2022-01-06 13:40,49.10,0.00,221.5,224.5
2022-01-06 13:41,49.10,0.00,221.5,224.5
2022-01-06 13:42,49.30,0.00,223.0,224.5
2022-01-06 13:43,49.40,0.00,223.0,224.5
2022-01-06 13:44,49.50,0.00,223.0,224.5
2022-01-06 13:45,49.80,0.00,224.5,224.5
2022-01-06 13:46,49.70,0.00,223.0,224.5
2022-01-06 13:47,49.20,0.00,221.5,224.5
2022-01-06 13:48,48.80,0.00,221.5,223.0
2022-01-06 13:49,48.80,0.00,221.5,223.0
2022-01-06 13:50,49.00,0.00,221.5,223.0
2022-01-06 13:51,48.90,0.00,221.5,223.0
2022-01-06 13:52,49.50,0.00,223.0,224.5
2022-01-06 13:53,49.80,0.00,224.5,224.5
2022-01-06 13:54,50.00,0.00,224.5,226.0
2022-01-06 13:55,50.30,0.00,224.5,226.0
2022-01-06 13:56,49.40,0.00,224.5,226.0
2022-01-06 13:57,49.90,0.00,224.5,226.0
2022-01-06 13:58,49.40,0.00,223.0,224.5
2022-01-06 13:59,49.50,0.00,223.0,224.5
2022-01-06 14:00,48.70,0.00,220.0,224.5
2022-01-06 14:01,49.60,0.00,221.5,224.5
2022-01-06 14:02,49.60,0.00,223.0,224.5
2022-01-06 14:03,49.60,0.00,223.0,224.5
2022-01-06 14:04,49.30,0.00,223.0,224.5
2022-01-06 14:05,48.70,0.00,220.0,223.0
2022-01-06 14:06,48.90,0.00,220.0,223.0
2022-01-06 14:07,49.00,0.00,220.0,223.0
2022-01-06 14:08,48.70,0.00,221.5,223.0
2022-01-06 14:09,49.50,0.00,221.5,224.5
2022-01-06 14:10,49.50,0.00,223.0,224.5
2022-01-06 14:11,49.10,0.00,220.0,224.5
2022-01-06 14:12,48.60,0.00,220.0,224.5
2022-01-06 14:13,49.50,0.00,223.0,224.5
2022-01-06 14:14,49.60,0.00,221.5,224.5
2022-01-06 14:15,49.50,0.00,223.0,224.5
2022-01-06 14:16,49.90,0.00,224.5,226.0
2022-01-06 14:17,50.10,0.00,224.5,226.0
2022-01-06 14:18,50.40,0.00,226.0,226.0
2022-01-06 14:19,50.50,0.00,226.0,227.5
2022-01-06 14:20,50.70,0.00,226.0,227.5
2022-01-06 14:21,50.40,0.00,224.5,226.0
2022-01-06 14:22,49.20,0.00,221.5,226.0
2022-01-06 14:23,9.17,0.00,223.0,233.5
2021-12-05 17:00,227.80,0.00,206.5,220.0
2021-12-05 17:40,160.70,0.00,218.5,230.5
2021-12-05 17:50,66.90,0.00,215.5,233.5
2021-12-05 18:30,170.00,0.00,218.5,233.5
2021-12-05 18:40,104.00,0.00,215.5,232.0
2021-12-05 19:00,172.40,0.00,215.5,232.0
2021-12-05 19:10,118.30,0.00,215.5,229.0
2021-12-05 19:20,499.00,0.00,223.0,227.5
2021-12-05 19:30,250.80,0.00,223.0,233.5
2021-12-05 19:50,397.00,0.00,224.5,236.5
2021-12-05 20:10,255.90,0.00,226.0,236.5
2021-12-05 20:20,115.30,0.00,223.0,238.0
2021-12-05 21:00,198.80,0.00,221.5,230.5
2021-12-05 22:50,148.50,0.00,224.5,235.0
2021-12-06 02:00,30.80,0.00,226.0,236.5
2021-12-06 02:10,124.30,0.00,224.5,235.0
2021-12-06 05:20,141.20,0.00,223.0,235.0
2021-12-06 05:30,217.40,0.00,221.5,233.5
2021-12-06 05:40,440.00,0.00,218.5,230.5
2021-12-06 05:50,76.30,0.00,220.0,232.0
2021-12-06 06:00,284.20,0.00,223.0,235.0
2021-12-06 07:00,120.60,0.00,221.5,235.0
2021-12-06 07:10,44.00,0.00,221.5,235.0
2021-12-06 07:40,13.60,0.00,221.5,232.0
2021-12-06 07:50,471.00,0.00,212.5,223.0
2021-12-06 08:00,187.50,0.00,211.0,229.0
2021-12-06 08:10,287.40,0.00,218.5,230.5
2021-12-06 08:20,38.90,0.00,218.5,233.5
2021-12-06 08:30,67.80,0.00,221.5,233.5
2021-12-06 08:40,474.00,0.00,209.5,224.5
2021-12-06 08:50,450.00,0.00,205.0,221.5
2021-12-06 09:00,466.00,0.00,208.0,220.0
2021-12-06 09:10,478.00,0.00,214.0,223.0
2021-12-06 09:20,469.00,0.00,209.5,223.0
2021-12-06 09:30,247.20,0.00,209.5,233.5
2021-12-06 09:40,251.10,0.00,221.5,232.0
2021-12-06 09:50,475.00,0.00,209.5,224.5
2021-12-06 10:00,497.00,0.00,220.0,227.5
2021-12-06 10:10,161.70,0.00,224.5,235.0
2021-12-06 10:20,216.70,0.00,218.5,235.0
2021-12-06 10:30,30.40,0.00,220.0,230.5
2021-12-06 11:00,173.20,0.00,215.5,232.0
2021-12-06 11:10,0.60,0.00,224.5,232.0
2021-12-06 11:20,201.30,0.00,224.5,233.5
2021-12-06 11:40,206.90,0.00,220.0,230.5
2021-12-06 11:50,1.50,0.00,221.5,230.5
2021-12-06 12:10,73.10,0.00,220.0,232.0
2021-12-06 12:20,477.00,0.00,209.5,221.5
2021-12-06 12:30,480.00,0.00,208.0,226.0
2021-12-06 12:40,499.00,0.00,221.5,227.5
2021-12-06 12:50,494.00,0.00,218.5,224.5
2021-12-06 13:00,494.00,0.00,220.0,226.0
2021-12-06 13:10,496.00,0.00,221.5,224.5
2021-12-06 13:20,126.70,0.00,221.5,233.5
2021-12-06 13:30,274.10,0.00,215.5,230.5
2021-12-06 14:10,35.30,0.00,214.0,227.5
2021-12-06 14:20,139.40,0.00,214.0,226.0
2021-12-06 14:30,215.90,0.00,209.5,226.0
2021-12-06 15:10,162.10,0.00,212.5,226.0
2021-12-06 15:20,250.30,0.00,214.0,229.0
2021-12-06 16:10,4.40,0.00,223.0,232.0
2021-12-06 16:20,483.00,0.00,218.5,223.0
2021-12-06 16:30,88.60,0.00,220.0,232.0
2021-12-06 16:40,171.10,0.00,214.0,235.0
2021-12-06 17:10,289.70,0.00,215.5,230.5
2021-12-06 17:20,272.90,0.00,215.5,232.0
2021-12-06 18:00,178.30,0.00,218.5,233.5
2021-12-06 18:10,364.40,0.00,218.5,233.5
2021-12-06 18:20,442.00,0.00,220.0,235.0
2021-12-06 18:30,506.00,0.00,221.5,229.0
2021-12-06 18:40,503.00,0.00,221.5,229.0
2021-12-06 18:50,354.70,0.00,223.0,235.0
2021-12-06 19:40,222.20,0.00,224.5,235.0
2021-12-06 20:10,100.40,0.00,224.5,235.0
2021-12-06 20:20,501.00,0.00,223.0,227.5
2021-12-06 20:30,504.00,0.00,223.0,227.5
2021-12-06 20:40,496.00,0.00,220.0,226.0
2021-12-06 20:50,133.10,0.00,220.0,232.0
2021-12-06 21:40,175.30,0.00,224.5,235.0
2021-12-06 22:50,173.00,0.00,226.0,236.5
2021-12-06 23:00,48.80,0.00,227.5,238.0
2021-12-07 02:20,223.30,0.00,226.0,238.0
2021-12-07 02:30,36.30,0.00,226.0,236.5
2021-12-07 04:20,277.90,0.00,223.0,235.0
2021-12-07 05:20,3.90,0.00,220.0,235.0
2021-12-07 05:30,182.40,0.00,215.5,227.5
2021-12-07 06:00,39.40,0.00,218.5,233.5
2021-12-07 06:10,329.40,0.00,212.5,227.5
2021-12-07 06:20,449.00,0.00,211.0,226.0
2021-12-07 06:30,84.50,0.00,220.0,232.0
2021-12-07 07:10,232.00,0.00,208.0,224.5
2021-12-07 07:20,108.00,0.00,208.0,224.5
2021-12-07 07:30,301.20,0.00,208.0,226.0
2021-12-07 07:40,468.00,0.00,211.0,221.5
2021-12-07 07:50,101.30,0.00,218.5,229.0
2021-12-07 08:10,88.10,0.00,223.0,233.5
2021-12-07 08:20,394.50,0.00,214.0,229.0
2021-12-07 08:30,246.50,0.00,212.5,230.5
2021-12-07 08:40,274.10,0.00,212.5,229.0
2021-12-07 08:50,146.80,0.00,206.5,229.0
2021-12-07 09:00,461.00,0.00,205.0,220.0
2021-12-07 09:10,459.00,0.00,206.5,221.5
2021-12-07 09:20,471.00,0.00,211.0,221.5
2021-12-07 09:30,472.00,0.00,211.0,221.5
2021-12-07 09:40,70.20,0.00,215.5,230.5
2021-12-07 10:00,188.00,0.00,214.0,229.0
2021-12-07 10:40,281.90,0.00,212.5,227.5
2021-12-07 11:10,239.30,0.00,211.0,227.5
2021-12-07 11:20,438.00,0.00,211.0,223.0
2021-12-07 11:50,160.70,0.00,209.5,227.5
2021-12-07 12:00,210.40,0.00,208.0,226.0
2021-12-07 12:10,137.30,0.00,209.5,227.5
2021-12-07 12:40,401.00,0.00,209.5,226.0
2021-12-07 12:50,336.50,0.00,211.0,227.5
2021-12-07 13:40,165.10,0.00,218.5,230.5
2021-12-07 13:50,70.60,0.00,218.5,229.0
2021-12-07 14:10,61.30,0.00,215.5,230.5
2021-12-07 14:20,105.00,0.00,215.5,233.5
2021-12-07 14:40,160.80,0.00,220.0,230.5
2021-12-07 15:30,253.90,0.00,212.5,229.0
2021-12-07 15:50,93.60,0.00,208.0,224.5
2021-12-07 16:00,457.00,0.00,209.5,215.5
2021-12-07 16:10,465.00,0.00,211.0,221.5
2021-12-07 16:20,475.00,0.00,215.5,223.0
2021-12-07 16:30,482.00,0.00,215.5,224.5
2021-12-07 16:40,482.00,0.00,212.5,224.5
2021-12-07 16:50,207.90,0.00,214.0,232.0
2021-12-07 17:20,209.40,0.00,214.0,232.0
2021-12-07 18:00,402.50,0.00,214.0,232.0
2021-12-07 18:10,235.40,0.00,212.5,224.5
2021-12-07 18:30,472.00,0.00,212.5,221.5
2021-12-07 18:40,96.80,0.00,215.5,233.5
2021-12-07 19:00,76.70,0.00,211.0,230.5
2021-12-07 19:10,465.00,0.00,211.0,220.0
2021-12-07 19:20,413.00,0.00,209.5,227.5
2021-12-07 19:50,219.60,0.00,221.5,232.0
2021-12-07 20:00,202.70,0.00,223.0,232.0
2021-12-07 20:10,497.00,0.00,221.5,226.0
2021-12-07 20:20,503.00,0.00,223.0,227.5
2021-12-07 20:30,385.80,0.00,223.0,236.5
2021-12-07 21:00,210.80,0.00,227.5,236.5
2021-12-07 22:30,188.90,0.00,227.5,236.5
2021-12-08 02:00,162.80,0.00,221.5,232.0
2021-12-08 05:10,53.90,0.00,220.0,238.0
2021-12-08 05:20,298.20,0.00,221.5,236.5
2021-12-08 05:30,467.00,0.00,215.5,227.5
2021-12-08 05:40,360.40,0.00,214.0,230.5
2021-12-08 06:20,23.70,0.00,218.5,232.0
2021-12-08 06:30,270.70,0.00,215.5,230.5
2021-12-08 06:40,202.20,0.00,220.0,232.0
2021-12-08 07:30,59.40,0.00,212.5,229.0
2021-12-08 07:40,299.90,0.00,211.0,227.5
2021-12-08 08:10,444.00,0.00,215.5,230.5
2021-12-08 08:20,469.00,0.00,212.5,221.5
2021-12-08 08:30,222.00,0.00,211.0,232.0
2021-12-08 08:40,396.40,0.00,215.5,232.0
2021-12-08 08:50,483.00,0.00,215.5,223.0
2021-12-08 09:00,484.00,0.00,215.5,224.5
2021-12-08 09:10,480.00,0.00,218.5,223.0
2021-12-08 09:20,479.00,0.00,212.5,223.0
2021-12-08 09:30,491.00,0.00,220.0,226.0
2021-12-08 09:40,496.00,0.00,220.0,226.0
2021-12-08 09:50,496.00,0.00,220.0,226.0
2021-12-08 10:00,485.00,0.00,212.5,226.0
2021-12-08 10:10,480.00,0.00,214.0,224.5
2021-12-08 10:20,322.50,0.00,220.0,233.5
2021-12-08 11:20,115.80,0.00,218.5,232.0
2021-12-08 11:30,94.60,0.00,218.5,232.0
2021-12-08 12:00,373.60,0.00,220.0,230.5
2021-12-08 12:10,21.60,0.00,221.5,235.0
2021-12-08 12:20,22.40,0.00,224.5,236.5
2021-12-08 12:30,491.00,0.00,215.5,227.5
2021-12-08 12:40,485.00,0.00,218.5,226.0
2021-12-08 12:50,493.00,0.00,218.5,226.0
2021-12-08 13:00,490.00,0.00,215.5,227.5
2021-12-08 13:10,502.00,0.00,221.5,229.0
2021-12-08 13:20,500.00,0.00,221.5,229.0
2021-12-08 13:30,493.00,0.00,220.0,227.5
2021-12-08 13:40,183.90,0.00,220.0,235.0
2021-12-08 13:50,266.70,0.00,220.0,235.0
2021-12-08 14:00,247.60,0.00,218.5,235.0
2021-12-08 14:10,190.50,0.00,212.5,229.0
2021-12-08 14:20,454.00,0.00,214.0,226.0
2021-12-08 14:30,359.40,0.00,220.0,232.0
2021-12-08 14:40,201.40,0.00,218.5,230.5
2021-12-08 14:50,222.00,0.00,215.5,230.5
2021-12-08 15:30,149.80,0.00,218.5,232.0
2021-12-08 15:40,9.10,0.00,223.0,236.5
2021-12-08 16:10,253.30,0.00,221.5,232.0
2021-12-08 16:20,285.20,0.00,221.5,233.5
2021-12-08 16:30,478.00,0.00,214.0,223.0
2021-12-08 16:40,464.00,0.00,212.5,218.5
2021-12-08 16:50,449.00,0.00,209.5,215.5
2021-12-08 17:00,462.00,0.00,209.5,220.0
2021-12-08 17:10,370.30,0.00,214.0,227.5
2021-12-08 17:40,186.30,0.00,218.5,229.0
2021-12-08 17:50,7.00,0.00,220.0,227.5
2021-12-08 18:00,223.90,0.00,218.5,227.5
2021-12-08 18:10,167.00,0.00,218.5,230.5
2021-12-08 18:50,209.10,0.00,215.5,230.5
2021-12-08 19:00,31.00,0.00,220.0,232.0
2021-12-08 19:10,109.70,0.00,223.0,233.5
2021-12-08 19:20,226.10,0.00,224.5,236.5
2021-12-08 19:40,297.00,0.00,224.5,233.5
2021-12-08 19:50,346.10,0.00,223.0,235.0
2021-12-08 20:00,346.90,0.00,215.5,230.5
2021-12-08 20:30,162.10,0.00,224.5,236.5
2021-12-08 21:30,176.40,0.00,226.0,239.5
2021-12-08 23:50,146.20,0.00,223.0,236.5
2021-12-09 03:50,149.90,0.00,224.5,236.5
2021-12-09 04:20,277.50,0.00,214.0,230.5
2021-12-09 04:30,95.00,0.00,211.0,233.5
2021-12-09 04:40,50.70,0.00,218.5,235.0
2021-12-09 04:50,133.70,0.00,221.5,233.5
2021-12-09 05:30,229.40,0.00,218.5,232.0
2021-12-09 05:40,94.80,0.00,220.0,230.5
2021-12-09 06:00,162.80,0.00,215.5,227.5
2021-12-09 07:10,229.20,0.00,212.5,230.5
2021-12-09 07:20,112.50,0.00,212.5,229.0
2021-12-09 07:40,10.10,0.00,220.0,230.5
2021-12-09 07:50,464.00,0.00,209.5,223.0
2021-12-09 08:00,159.90,0.00,214.0,229.0
2021-12-09 08:10,111.10,0.00,215.5,230.5
2021-12-09 08:20,356.80,0.00,214.0,227.5
2021-12-09 08:30,473.00,0.00,214.0,223.0
2021-12-09 08:40,244.50,0.00,220.0,230.5
2021-12-09 08:50,232.80,0.00,212.5,230.5
2021-12-09 09:10,123.70,0.00,212.5,232.0
2021-12-09 09:20,484.00,0.00,214.0,224.5
2021-12-09 09:30,60.30,0.00,220.0,233.5
2021-12-09 09:40,18.80,0.00,221.5,232.0
2021-12-09 10:00,468.00,0.00,218.5,233.5
2021-12-09 10:10,499.00,0.00,218.5,227.5
2021-12-09 10:20,478.00,0.00,212.5,226.0
2021-12-09 10:30,490.00,0.00,218.5,226.0
2021-12-09 10:40,484.00,0.00,220.0,223.0
2021-12-09 10:50,484.00,0.00,218.5,223.0
2021-12-09 11:00,495.00,0.00,220.0,227.5
2021-12-09 11:10,131.10,0.00,224.5,235.0
2021-12-09 12:10,330.20,0.00,220.0,232.0
2021-12-09 12:20,210.00,0.00,221.5,230.5
2021-12-09 12:30,489.00,0.00,220.0,224.5
2021-12-09 12:40,484.00,0.00,215.5,223.0
2021-12-09 12:50,483.00,0.00,214.0,223.0
2021-12-09 13:00,481.00,0.00,214.0,223.0
2021-12-09 13:10,479.00,0.00,218.5,221.5
2021-12-09 13:20,281.50,0.00,214.0,230.5
2021-12-09 14:10,311.80,0.00,215.5,229.0
2021-12-09 14:40,209.10,0.00,215.5,230.5
2021-12-09 15:30,153.20,0.00,218.5,229.0
2021-12-09 15:40,47.40,0.00,218.5,227.5
2021-12-09 16:20,100.10,0.00,218.5,227.5
2021-12-09 16:30,68.80,0.00,215.5,230.5
2021-12-09 17:20,109.30,0.00,214.0,227.5
2021-12-09 17:30,133.80,0.00,214.0,227.5
2021-12-09 18:10,249.80,0.00,218.5,229.0
2021-12-09 18:40,303.20,0.00,215.5,230.5
2021-12-09 18:50,9.00,0.00,223.0,230.5
2021-12-09 19:00,170.80,0.00,220.0,230.5
2021-12-09 19:10,96.20,0.00,221.5,232.0
2021-12-09 19:40,169.50,0.00,218.5,230.5
2021-12-09 20:10,359.30,0.00,218.5,233.5
2021-12-09 20:20,78.00,0.00,223.0,235.0
2021-12-09 20:40,266.90,0.00,223.0,236.5
2021-12-09 20:50,176.10,0.00,221.5,233.5
2021-12-09 21:50,472.00,0.00,221.5,232.0
2021-12-09 22:00,101.30,0.00,223.0,233.5
2021-12-09 22:40,169.70,0.00,224.5,233.5
2021-12-10 01:00,166.00,0.00,218.5,232.0
2021-12-10 05:20,104.00,0.00,224.5,235.0
2021-12-10 05:30,489.00,0.00,218.5,226.0
2021-12-10 05:40,119.60,0.00,220.0,233.5
2021-12-10 06:10,189.90,0.00,218.5,232.0
2021-12-10 06:20,249.90,0.00,215.5,230.5
2021-12-10 06:30,188.70,0.00,215.5,235.0
2021-12-10 06:40,171.80,0.00,218.5,232.0
2021-12-10 06:50,70.90,0.00,218.5,233.5
2021-12-10 07:30,186.10,0.00,208.0,229.0
2021-12-10 08:30,151.20,0.00,220.0,230.5
2021-12-10 09:00,11.90,0.00,215.5,224.5
2021-12-10 09:10,462.00,0.00,212.5,218.5
2021-12-10 09:20,467.00,0.00,211.0,220.0
2021-12-10 09:30,481.00,0.00,214.0,223.0
2021-12-10 09:40,476.00,0.00,214.0,226.0
2021-12-10 09:50,477.00,0.00,214.0,221.5
2021-12-10 10:00,489.00,0.00,218.5,226.0
2021-12-10 10:10,494.00,0.00,220.0,227.5
2021-12-10 10:20,493.00,0.00,220.0,227.5
2021-12-10 10:30,54.50,0.00,220.0,235.0
2021-12-10 10:40,62.20,0.00,224.5,236.5
2021-12-10 10:50,197.40,0.00,221.5,235.0
2021-12-10 11:30,175.70,0.00,224.5,236.5
2021-12-10 12:00,3.80,0.00,223.0,233.5
2021-12-10 12:10,496.00,0.00,221.5,226.0
2021-12-10 12:20,32.50,0.00,221.5,235.0
2021-12-10 12:40,300.70,0.00,220.0,232.0
2021-12-10 12:50,479.00,0.00,214.0,227.5
2021-12-10 13:00,344.50,0.00,220.0,235.0
2021-12-10 13:10,502.00,0.00,220.0,227.5
2021-12-10 13:20,500.00,0.00,221.5,227.5
2021-12-10 13:30,490.00,0.00,220.0,226.0
2021-12-10 13:40,151.70,0.00,224.5,235.0
2021-12-10 14:20,331.00,0.00,218.5,232.0
2021-12-10 15:10,213.20,0.00,220.0,233.5
2021-12-10 16:00,77.80,0.00,220.0,236.5
2021-12-10 16:10,134.60,0.00,218.5,236.5
2021-12-10 16:30,308.10,0.00,214.0,233.5
2021-12-10 16:40,2.90,0.00,223.0,232.0
2021-12-10 17:00,86.60,0.00,214.0,230.5
2021-12-10 17:10,348.50,0.00,208.0,229.0
2021-12-10 17:50,161.70,0.00,209.5,226.0
2021-12-11 08:20,32.70,0.00,215.5,233.5
2021-12-11 08:30,475.00,0.00,214.0,223.0
2021-12-11 08:40,463.00,0.00,206.5,221.5
2021-12-11 08:50,463.00,0.00,209.5,221.5
2021-12-11 09:00,470.00,0.00,208.0,221.5
2021-12-11 09:10,462.00,0.00,208.0,221.5
2021-12-11 09:20,455.00,0.00,205.0,220.0
2021-12-11 09:30,470.00,0.00,214.0,221.5
2021-12-11 09:40,451.00,0.00,209.5,215.5
2021-12-11 09:50,449.00,0.00,208.0,215.5
2021-12-11 10:00,445.00,0.00,205.0,221.5
2021-12-11 10:10,448.00,0.00,206.5,221.5
2021-12-11 10:20,448.00,0.00,205.0,215.5
2021-12-11 10:30,453.00,0.00,208.0,215.5
2021-12-11 10:40,456.00,0.00,208.0,218.5
2021-12-11 10:50,446.00,0.00,208.0,214.0
2021-12-11 11:00,459.00,0.00,211.0,218.5
2021-12-11 11:10,293.80,0.00,215.5,229.0
2021-12-11 11:20,254.40,0.00,223.0,232.0
2021-12-11 11:30,286.50,0.00,221.5,232.0
2021-12-11 11:40,496.00,0.00,221.5,226.0
2021-12-11 11:50,493.00,0.00,221.5,224.5
2021-12-11 12:00,508.00,0.00,224.5,229.0
2021-12-11 12:10,517.00,0.00,226.0,230.5
2021-12-11 12:20,515.00,0.00,224.5,230.5
2021-12-11 12:30,513.00,0.00,223.0,229.0
2021-12-11 12:40,512.00,0.00,221.5,230.5
2021-12-11 12:50,113.20,0.00,226.0,238.0
2021-12-11 14:00,178.50,0.00,214.0,232.0
2021-12-11 14:10,79.60,0.00,214.0,230.5
2021-12-11 15:00,209.30,0.00,214.0,229.0
2021-12-11 15:20,193.00,0.00,215.5,230.5
2021-12-11 15:30,266.10,0.00,212.5,224.5
2021-12-11 15:40,14.20,0.00,209.5,227.5
2021-12-11 20:00,203.80,0.00,224.5,235.0
2021-12-11 20:10,491.00,0.00,220.0,226.0
2021-12-11 20:20,495.00,0.00,221.5,226.0
2021-12-11 20:30,502.00,0.00,221.5,227.5
2021-12-11 20:40,494.00,0.00,221.5,226.0
2021-12-11 20:50,491.00,0.00,221.5,226.0
2021-12-11 21:00,502.00,0.00,224.5,227.5
2021-12-11 21:10,496.00,0.00,223.0,226.0
2021-12-11 21:20,488.00,0.00,218.5,226.0
2021-12-11 21:30,500.00,0.00,223.0,226.0
2021-12-11 21:40,504.00,0.00,224.5,227.5
2021-12-11 21:50,48.30,0.00,224.5,235.0
2021-12-11 22:50,32.10,0.00,226.0,235.0
2021-12-11 23:00,208.20,0.00,224.5,233.5
2021-12-12 00:20,8.00,0.00,221.5,235.0
2021-12-12 00:30,208.60,0.00,220.0,233.5
2021-12-12 02:50,208.60,0.00,227.5,238.0
2021-12-12 04:20,240.50,0.00,227.5,238.0
2021-12-12 05:40,54.70,0.00,224.5,238.0
2021-12-12 05:50,149.80,0.00,224.5,235.0
2021-12-12 10:00,335.50,0.00,221.5,235.0
2021-12-12 10:10,94.00,0.00,218.5,230.5
2021-12-12 10:20,32.50,0.00,218.5,232.0
2021-12-12 10:30,488.00,0.00,218.5,226.0
2021-12-12 10:40,497.00,0.00,221.5,226.0
2021-12-12 10:50,494.00,0.00,218.5,226.0
2021-12-12 11:00,483.00,0.00,214.0,226.0
2021-12-12 11:10,473.00,0.00,212.5,224.5
2021-12-12 11:20,469.00,0.00,211.0,223.0
2021-12-12 11:30,489.00,0.00,220.0,226.0
2021-12-12 11:40,488.00,0.00,214.0,226.0
2021-12-12 11:50,481.00,0.00,215.5,224.5
2021-12-12 12:00,486.00,0.00,214.0,224.5
2021-12-12 12:10,480.00,0.00,215.5,224.5
2021-12-12 12:20,26.70,0.00,220.0,235.0
2021-12-12 16:00,65.50,0.00,215.5,230.5
2021-12-12 16:10,288.00,0.00,208.0,221.5
2021-12-12 20:00,64.20,0.00,224.5,235.0
2021-12-12 20:10,496.00,0.00,221.5,226.0
2021-12-12 20:20,478.00,0.00,215.5,223.0
2021-12-12 20:30,503.00,0.00,218.5,229.0
2021-12-12 20:40,505.00,0.00,223.0,227.5
2021-12-12 20:50,507.00,0.00,224.5,227.5
2021-12-12 21:00,509.00,0.00,224.5,229.0
2021-12-12 21:10,510.00,0.00,224.5,229.0
2021-12-12 21:20,501.00,0.00,223.0,229.0
2021-12-12 21:30,502.00,0.00,223.0,227.5
2021-12-12 21:40,504.00,0.00,223.0,227.5
2021-12-12 21:50,225.70,0.00,224.5,238.0
2021-12-12 22:20,292.90,0.00,224.5,235.0
2021-12-12 23:10,18.90,0.00,227.5,238.0
2021-12-12 23:20,223.30,0.00,227.5,235.0
2021-12-13 01:00,197.50,0.00,226.0,236.5
2021-12-13 03:30,180.50,0.00,226.0,235.0
2021-12-13 10:10,42.80,0.00,211.0,224.5
2021-12-13 10:20,277.10,0.00,208.0,226.0
2021-12-13 11:40,85.50,0.00,212.5,226.0
2021-12-13 11:50,468.00,0.00,209.5,221.5
2021-12-13 12:00,469.00,0.00,212.5,221.5
2021-12-13 12:10,468.00,0.00,212.5,221.5
2021-12-13 12:20,474.00,0.00,211.0,221.5
2021-12-13 12:30,467.00,0.00,211.0,220.0
2021-12-13 12:40,478.00,0.00,212.5,223.0
2021-12-13 12:50,466.00,0.00,211.0,221.5
2021-12-13 13:00,123.60,0.00,214.0,227.5
2021-12-13 13:20,122.50,0.00,218.5,229.0
2021-12-13 13:30,99.90,0.00,215.5,226.0
2021-12-13 14:20,189.60,0.00,218.5,232.0
2021-12-13 15:00,171.50,0.00,218.5,230.5
2021-12-13 15:40,61.20,0.00,218.5,230.5
2021-12-13 15:50,113.40,0.00,215.5,230.5
2021-12-13 16:10,133.90,0.00,218.5,229.0
2021-12-13 16:20,77.70,0.00,220.0,229.0
2021-12-13 16:30,319.50,0.00,214.0,227.5
2021-12-13 17:20,253.40,0.00,206.5,227.5
2021-12-13 17:30,271.40,0.00,205.0,226.0
2021-12-13 20:30,295.40,0.00,221.5,232.0
2021-12-13 20:40,496.00,0.00,220.0,226.0
2021-12-13 20:50,499.00,0.00,221.5,226.0
2021-12-13 21:00,496.00,0.00,223.0,227.5
2021-12-13 21:10,480.00,0.00,215.5,226.0
2021-12-13 21:20,489.00,0.00,221.5,224.5
2021-12-13 21:30,498.00,0.00,221.5,227.5
2021-12-13 21:40,510.00,0.00,223.0,229.0
2021-12-13 21:50,503.00,0.00,223.0,227.5
2021-12-13 22:00,505.00,0.00,223.0,229.0
2021-12-13 22:10,301.30,0.00,224.5,236.5
2021-12-13 22:50,246.70,0.00,226.0,236.5
2021-12-14 00:10,210.50,0.00,229.0,239.5
2021-12-14 00:20,36.00,0.00,230.5,239.5
2021-12-14 09:50,55.80,0.00,221.5,232.0
2021-12-14 10:00,292.00,0.00,215.5,232.0
2021-12-14 10:30,182.60,0.00,212.5,232.0
2021-12-14 10:40,464.00,0.00,212.5,218.5
2021-12-14 10:50,454.00,0.00,208.0,218.5
2021-12-14 11:00,476.00,0.00,212.5,224.5
2021-12-14 11:10,497.00,0.00,220.0,226.0
2021-12-14 11:20,498.00,0.00,214.0,227.5
2021-12-14 11:30,481.00,0.00,215.5,226.0
2021-12-14 11:40,480.00,0.00,214.0,224.5
2021-12-14 11:50,468.00,0.00,209.5,224.5
2021-12-14 12:00,468.00,0.00,209.5,221.5
2021-12-14 12:10,478.00,0.00,211.0,226.0
2021-12-14 12:20,493.00,0.00,214.0,229.0
2021-12-14 12:30,495.00,0.00,221.5,227.5
2021-12-14 12:40,479.00,0.00,214.0,227.5
2021-12-14 12:50,481.00,0.00,214.0,227.5
2021-12-14 13:00,482.00,0.00,212.5,226.0
2021-12-14 13:10,470.00,0.00,211.0,223.0
2021-12-14 13:20,93.20,0.00,215.5,232.0
2021-12-14 21:00,210.70,0.00,224.5,235.0
2021-12-14 21:10,508.00,0.00,223.0,229.0
2021-12-14 21:20,503.00,0.00,223.0,227.5
2021-12-14 21:30,514.00,0.00,224.5,230.5
2021-12-14 21:40,514.00,0.00,226.0,229.0
2021-12-14 21:50,515.00,0.00,226.0,229.0
2021-12-14 22:00,515.00,0.00,227.5,229.0
2021-12-14 22:10,207.30,0.00,227.5,238.0
2021-12-14 23:40,246.20,0.00,224.5,236.5
2021-12-15 02:00,191.30,0.00,224.5,233.5
2021-12-15 04:20,3.70,0.00,224.5,235.0
2021-12-15 11:40,250.00,0.00,221.5,235.0
2021-12-15 11:50,496.00,0.00,218.5,227.5
2021-12-15 12:00,491.00,0.00,218.5,226.0
2021-12-15 12:10,499.00,0.00,223.0,226.0
2021-12-15 12:20,494.00,0.00,221.5,226.0
2021-12-15 12:30,495.00,0.00,221.5,226.0
2021-12-15 12:40,497.00,0.00,218.5,226.0
2021-12-15 12:50,490.00,0.00,218.5,224.5
2021-12-15 13:00,495.00,0.00,218.5,226.0
2021-12-15 13:10,42.20,0.00,220.0,235.0
2021-12-15 13:30,167.30,0.00,212.5,227.5
2021-12-15 13:40,197.10,0.00,211.0,229.0
2021-12-15 13:50,209.10,0.00,212.5,230.5
2021-12-15 14:00,22.30,0.00,220.0,233.5
2021-12-15 14:10,270.10,0.00,215.5,230.5
2021-12-15 17:20,43.90,0.00,220.0,235.0
2021-12-15 17:30,362.20,0.00,212.5,230.5
2021-12-15 20:10,442.00,0.00,214.0,229.0
2021-12-15 20:20,488.00,0.00,214.0,226.0
2021-12-15 20:30,483.00,0.00,218.5,224.5
2021-12-15 20:40,493.00,0.00,221.5,226.0
2021-12-15 20:50,504.00,0.00,223.0,227.5
2021-12-15 21:00,504.00,0.00,223.0,227.5
2021-12-15 21:10,507.00,0.00,224.5,229.0
2021-12-15 21:20,509.00,0.00,224.5,229.0
2021-12-15 21:30,510.00,0.00,226.0,229.0
2021-12-15 21:40,504.00,0.00,223.0,227.5
2021-12-15 21:50,511.00,0.00,226.0,230.5
2021-12-15 22:00,435.00,0.00,227.5,236.5
2021-12-15 23:30,251.70,0.00,226.0,236.5
2021-12-16 01:50,199.30,0.00,227.5,238.0
2021-12-16 04:30,106.40,0.00,212.5,230.5
2021-12-16 04:40,81.90,0.00,212.5,232.0
2021-12-16 08:20,137.80,0.00,220.0,233.5
2021-12-16 08:30,492.00,0.00,215.5,227.5
2021-12-16 08:40,483.00,0.00,218.5,223.0
2021-12-16 08:50,363.80,0.00,218.5,232.0
2021-12-16 09:20,164.60,0.00,209.5,226.0
2021-12-16 09:30,469.00,0.00,209.5,221.5
2021-12-16 09:40,476.00,0.00,212.5,224.5
2021-12-16 09:50,474.00,0.00,211.0,223.0
2021-12-16 10:00,471.00,0.00,209.5,223.0
2021-12-16 10:10,482.00,0.00,218.5,223.0
2021-12-16 10:20,491.00,0.00,218.5,226.0
2021-12-16 10:30,494.00,0.00,220.0,226.0
2021-12-16 10:40,492.00,0.00,218.5,226.0
2021-12-16 10:50,475.00,0.00,212.5,224.5
2021-12-16 11:00,474.00,0.00,214.0,223.0
2021-12-16 11:10,485.00,0.00,220.0,223.0
2021-12-16 11:20,302.10,0.00,218.5,230.5
2021-12-16 12:40,309.20,0.00,215.5,229.0
2021-12-16 14:30,219.10,0.00,215.5,229.0
2021-12-16 15:20,38.40,0.00,218.5,230.5
2021-12-16 15:30,468.00,0.00,211.0,223.0
2021-12-16 15:40,457.00,0.00,209.5,215.5
2021-12-16 15:50,472.00,0.00,212.5,221.5
2021-12-16 16:00,318.70,0.00,212.5,223.0
2021-12-16 20:00,134.20,0.00,218.5,232.0
2021-12-16 20:10,478.00,0.00,215.5,221.5
2021-12-16 20:20,495.00,0.00,220.0,226.0
2021-12-16 20:30,481.00,0.00,218.5,223.0
2021-12-16 20:40,495.00,0.00,215.5,229.0
2021-12-16 20:50,495.00,0.00,215.5,229.0
2021-12-16 21:00,509.00,0.00,224.5,230.5
2021-12-16 21:10,509.00,0.00,223.0,230.5
2021-12-16 21:20,505.00,0.00,221.5,229.0
2021-12-16 21:30,497.00,0.00,221.5,226.0
2021-12-16 21:40,500.00,0.00,221.5,227.5
2021-12-16 21:50,208.10,0.00,226.0,238.0
2021-12-16 23:10,158.10,0.00,224.5,235.0
2021-12-16 23:20,69.80,0.00,226.0,235.0
2021-12-17 01:10,101.80,0.00,224.5,238.0
2021-12-17 01:20,104.50,0.00,226.0,238.0
2021-12-17 04:00,255.80,0.00,221.5,232.0
2021-12-17 09:30,347.90,0.00,214.0,229.0
2021-12-17 09:40,500.00,0.00,221.5,227.5
2021-12-17 09:50,500.00,0.00,220.0,227.5
2021-12-17 10:00,500.00,0.00,220.0,226.0
2021-12-17 10:10,505.00,0.00,223.0,229.0
2021-12-17 10:20,509.00,0.00,223.0,229.0
2021-12-17 10:30,495.00,0.00,218.5,229.0
2021-12-17 10:40,485.00,0.00,215.5,226.0
2021-12-17 10:50,475.00,0.00,212.5,223.0
2021-12-17 11:00,289.20,0.00,212.5,230.5
2021-12-17 14:50,171.10,0.00,221.5,232.0
2021-12-17 15:00,497.00,0.00,221.5,226.0
2021-12-17 15:10,467.00,0.00,221.5,230.5
2021-12-17 15:20,506.00,0.00,223.0,229.0
2021-12-17 15:30,493.00,0.00,221.5,224.5
2021-12-17 15:40,493.00,0.00,221.5,226.0
2021-12-17 15:50,498.00,0.00,221.5,226.0
2021-12-17 16:00,482.00,0.00,214.0,224.5
2021-12-17 16:10,469.00,0.00,214.0,220.0
2021-12-17 16:20,343.50,0.00,212.5,226.0
2021-12-17 21:10,152.90,0.00,226.0,236.5
2021-12-17 21:20,527.00,0.00,229.0,232.0
2021-12-17 21:30,517.00,0.00,226.0,232.0
2021-12-17 21:40,526.00,0.00,227.5,232.0
2021-12-17 21:50,514.00,0.00,227.5,229.0
2021-12-17 22:00,513.00,0.00,226.0,230.5
2021-12-17 22:10,520.00,0.00,227.5,230.5
2021-12-17 22:20,525.00,0.00,227.5,232.0
2021-12-17 22:30,520.00,0.00,227.5,232.0
2021-12-17 22:40,459.00,0.00,227.5,235.0
2021-12-18 00:30,14.30,0.00,227.5,239.5
2021-12-18 00:40,244.20,0.00,226.0,236.5
2021-12-18 09:30,147.90,0.00,215.5,233.5
2021-12-18 09:40,459.00,0.00,208.0,220.0
2021-12-18 09:50,470.00,0.00,206.5,223.0
2021-12-18 10:00,463.00,0.00,208.0,223.0
2021-12-18 10:10,482.00,0.00,211.0,224.5
2021-12-18 10:20,465.00,0.00,208.0,229.0
2021-12-18 10:30,458.00,0.00,209.5,220.0
2021-12-18 10:40,464.00,0.00,209.5,221.5
2021-12-18 10:50,468.00,0.00,211.0,221.5
2021-12-18 11:00,464.00,0.00,209.5,220.0
2021-12-18 11:10,447.00,0.00,203.5,214.0
2021-12-18 11:20,453.00,0.00,211.0,215.5
2021-12-18 11:30,418.00,0.00,212.5,227.5
2021-12-18 16:40,46.00,0.00,215.5,229.0
2021-12-18 16:50,297.80,0.00,209.5,226.0
2021-12-18 20:00,107.90,0.00,221.5,230.5
2021-12-18 20:10,496.00,0.00,221.5,226.0
2021-12-18 20:20,492.00,0.00,221.5,226.0
2021-12-18 20:30,504.00,0.00,221.5,227.5
2021-12-18 20:40,507.00,0.00,224.5,227.5
2021-12-18 20:50,511.00,0.00,224.5,229.0
2021-12-18 21:00,511.00,0.00,223.0,229.0
2021-12-18 21:10,506.00,0.00,224.5,229.0
2021-12-18 21:20,505.00,0.00,224.5,227.5
2021-12-18 21:30,502.00,0.00,224.5,226.0
2021-12-18 21:40,500.00,0.00,221.5,226.0
2021-12-18 21:50,171.40,0.00,224.5,238.0
2021-12-18 23:50,215.30,0.00,214.0,233.5
2021-12-19 02:20,202.10,0.00,229.0,241.0
2021-12-19 05:10,204.90,0.00,227.5,236.5
2021-12-19 10:20,257.60,0.00,214.0,230.5
2021-12-19 10:30,509.00,0.00,220.0,230.5
2021-12-19 10:40,490.00,0.00,215.5,226.0
2021-12-19 10:50,480.00,0.00,214.0,224.5
2021-12-19 11:00,481.00,0.00,211.0,226.0
2021-12-19 11:10,494.00,0.00,218.5,227.5
2021-12-19 11:20,487.00,0.00,218.5,224.5
2021-12-19 11:30,484.00,0.00,218.5,224.5
2021-12-19 11:40,506.00,0.00,220.0,230.5
2021-12-19 11:50,506.00,0.00,223.0,229.0
2021-12-19 12:00,508.00,0.00,223.0,230.5
2021-12-19 12:10,209.10,0.00,227.5,239.5
2021-12-19 17:10,19.10,0.00,206.5,224.5
2021-12-19 17:20,393.10,0.00,206.5,229.0
2021-12-19 20:20,223.20,0.00,220.0,232.0
2021-12-19 20:30,495.00,0.00,220.0,226.0
2021-12-19 20:40,494.00,0.00,221.5,227.5
2021-12-19 20:50,494.00,0.00,221.5,227.5
2021-12-19 21:00,485.00,0.00,215.5,224.5
2021-12-19 21:10,489.00,0.00,220.0,226.0
2021-12-19 21:20,491.00,0.00,220.0,226.0
2021-12-19 21:30,499.00,0.00,221.5,229.0
2021-12-19 21:40,503.00,0.00,224.5,229.0
2021-12-19 21:50,497.00,0.00,215.5,227.5
2021-12-19 22:00,493.00,0.00,220.0,227.5
2021-12-19 22:10,306.60,0.00,224.5,236.5
2021-12-19 23:50,217.90,0.00,224.5,235.0
2021-12-20 02:00,97.90,0.00,229.0,238.0
2021-12-20 02:10,103.00,0.00,229.0,239.5
2021-12-20 09:50,157.50,0.00,215.5,229.0
2021-12-20 10:00,488.00,0.00,215.5,224.5
2021-12-20 10:10,476.00,0.00,215.5,221.5
2021-12-20 10:20,481.00,0.00,218.5,221.5
2021-12-20 10:30,485.00,0.00,215.5,224.5
2021-12-20 10:40,499.00,0.00,220.0,227.5
2021-12-20 10:50,492.00,0.00,218.5,226.0
2021-12-20 11:00,479.00,0.00,215.5,224.5
2021-12-20 11:10,491.00,0.00,218.5,226.0
2021-12-20 11:20,481.00,0.00,215.5,224.5
2021-12-20 11:30,488.00,0.00,220.0,224.5
2021-12-20 11:40,485.00,0.00,220.0,223.0
2021-12-20 11:50,135.20,0.00,211.0,226.0
2021-12-20 12:10,173.20,0.00,221.5,230.5
2021-12-20 12:20,249.00,0.00,215.5,230.5
2021-12-20 12:40,99.00,0.00,211.0,230.5
2021-12-20 12:50,121.40,0.00,211.0,230.5
2021-12-20 13:20,288.40,0.00,214.0,227.5
2021-12-20 13:50,0.30,0.00,226.0,230.5
2021-12-20 15:40,161.80,0.00,209.5,227.5
2021-12-20 15:50,176.90,0.00,211.0,223.0
2021-12-20 17:30,29.20,0.00,206.5,230.5
2021-12-20 17:40,185.50,0.00,206.5,223.0
2021-12-20 20:00,80.50,0.00,220.0,229.0
2021-12-20 20:10,481.00,0.00,215.5,224.5
2021-12-20 20:20,492.00,0.00,218.5,226.0
2021-12-20 20:30,497.00,0.00,218.5,227.5
2021-12-20 20:40,502.00,0.00,223.0,227.5
2021-12-20 20:50,498.00,0.00,221.5,226.0
2021-12-20 21:00,499.00,0.00,220.0,227.5
2021-12-20 21:10,494.00,0.00,218.5,227.5
2021-12-20 21:20,501.00,0.00,223.0,227.5
2021-12-20 21:30,490.00,0.00,218.5,227.5
2021-12-20 21:40,511.00,0.00,223.0,230.5
2021-12-20 21:50,396.70,0.00,226.0,238.0
2021-12-20 23:30,228.30,0.00,223.0,232.0
2021-12-21 01:50,196.00,0.00,226.0,236.5
2021-12-21 11:20,313.40,0.00,215.5,230.5
2021-12-21 11:40,217.60,0.00,215.5,232.0
2021-12-21 11:50,464.00,0.00,208.0,221.5
2021-12-21 12:00,457.00,0.00,208.0,221.5
2021-12-21 12:10,475.00,0.00,212.5,223.0
2021-12-21 12:20,476.00,0.00,212.5,223.0
2021-12-21 12:30,487.00,0.00,215.5,226.0
2021-12-21 12:40,487.00,0.00,218.5,226.0
2021-12-21 12:50,486.00,0.00,215.5,226.0
2021-12-21 13:00,482.00,0.00,209.5,226.0
2021-12-21 13:10,455.00,0.00,208.0,218.5
2021-12-21 13:20,288.80,0.00,214.0,229.0
2021-12-21 15:50,322.40,0.00,199.0,221.5
2021-12-21 16:00,429.00,0.00,200.5,212.5
2021-12-21 16:10,420.00,0.00,197.5,211.0
2021-12-21 16:20,441.00,0.00,202.0,215.5
2021-12-21 16:30,452.00,0.00,208.0,218.5
2021-12-21 16:40,450.00,0.00,206.5,218.5
2021-12-21 16:50,450.00,0.00,206.5,214.0
2021-12-21 17:00,442.00,0.00,205.0,215.5
2021-12-21 17:10,446.00,0.00,206.5,214.0
2021-12-21 17:20,41.50,0.00,211.0,223.0
2021-12-21 21:10,473.00,0.00,220.0,230.5
2021-12-21 21:20,499.00,0.00,220.0,227.5
2021-12-21 21:30,493.00,0.00,218.5,226.0
2021-12-21 21:40,505.00,0.00,221.5,227.5
2021-12-21 21:50,508.00,0.00,223.0,229.0
2021-12-21 22:00,512.00,0.00,224.5,230.5
2021-12-21 22:10,518.00,0.00,227.5,230.5
2021-12-21 22:20,515.00,0.00,224.5,232.0
2021-12-21 22:30,131.10,0.00,223.0,235.0
2021-12-22 00:20,76.30,0.00,226.0,238.0
2021-12-22 00:30,147.10,0.00,223.0,236.5
2021-12-22 02:50,171.30,0.00,224.5,236.5
2021-12-22 03:00,23.30,0.00,226.0,235.0
2021-12-22 10:00,201.90,0.00,224.5,238.0
2021-12-22 10:10,488.00,0.00,218.5,227.5
2021-12-22 10:20,471.00,0.00,208.0,224.5
2021-12-22 10:30,469.00,0.00,209.5,223.0
2021-12-22 10:40,478.00,0.00,214.0,223.0
2021-12-22 10:50,480.00,0.00,212.5,223.0
2021-12-22 11:00,469.00,0.00,212.5,221.5
2021-12-22 11:10,476.00,0.00,212.5,224.5
2021-12-22 11:20,457.00,0.00,209.5,220.0
2021-12-22 11:30,470.00,0.00,209.5,224.5
2021-12-22 11:40,484.00,0.00,212.5,226.0
2021-12-22 11:50,497.00,0.00,215.5,229.0
2021-12-22 12:00,493.00,0.00,220.0,227.5
2021-12-22 12:10,362.50,0.00,218.5,230.5
2021-12-22 12:20,496.00,0.00,220.0,226.0
2021-12-22 12:30,499.00,0.00,220.0,235.0
2021-12-22 12:40,507.00,0.00,221.5,230.5
2021-12-22 12:50,87.90,0.00,223.0,235.0
2021-12-22 17:40,294.00,0.00,205.0,226.0
2021-12-22 17:50,13.30,0.00,206.5,224.5
2021-12-22 20:10,231.70,0.00,211.0,229.0
2021-12-22 20:20,454.00,0.00,212.5,226.0
2021-12-22 20:30,479.00,0.00,214.0,224.5
2021-12-22 20:40,484.00,0.00,218.5,227.5
2021-12-22 20:50,489.00,0.00,220.0,227.5
2021-12-22 21:00,489.00,0.00,218.5,227.5
2021-12-22 21:10,499.00,0.00,220.0,229.0
2021-12-22 21:20,505.00,0.00,221.5,229.0
2021-12-22 21:30,508.00,0.00,223.0,232.0
2021-12-22 21:40,516.00,0.00,226.0,232.0
2021-12-22 21:50,508.00,0.00,224.5,232.0
2021-12-22 22:00,75.50,0.00,230.5,239.5
2021-12-23 00:10,79.30,0.00,227.5,239.5
2021-12-23 00:20,120.70,0.00,227.5,236.5
2021-12-23 02:40,257.30,0.00,226.0,238.0
2021-12-23 02:50,33.60,0.00,227.5,236.5
2021-12-23 08:20,180.50,0.00,211.0,221.5
2021-12-23 08:30,278.00,0.00,209.5,226.0
2021-12-23 08:50,233.10,0.00,212.5,224.5
2021-12-23 09:00,473.00,0.00,212.5,221.5
2021-12-23 09:10,475.00,0.00,215.5,223.0
2021-12-23 09:20,474.00,0.00,212.5,223.0
2021-12-23 09:30,478.00,0.00,214.0,223.0
2021-12-23 09:40,483.00,0.00,218.5,223.0
2021-12-23 09:50,487.00,0.00,215.5,226.0
2021-12-23 10:00,497.00,0.00,221.5,226.0
2021-12-23 10:10,481.00,0.00,215.5,223.0
2021-12-23 10:20,491.00,0.00,220.0,226.0
2021-12-23 10:30,193.00,0.00,221.5,233.5
2021-12-23 11:10,115.40,0.00,221.5,233.5
2021-12-23 11:20,125.10,0.00,220.0,230.5
2021-12-23 12:10,263.90,0.00,218.5,232.0
2021-12-23 12:20,232.30,0.00,220.0,235.0
2021-12-23 12:50,209.20,0.00,220.0,233.5
2021-12-23 13:50,181.00,0.00,224.5,236.5
2021-12-23 14:10,89.50,0.00,211.0,232.0
2021-12-23 21:10,302.00,0.00,221.5,233.5
2021-12-23 21:20,503.00,0.00,223.0,229.0
2021-12-23 21:30,505.00,0.00,223.0,230.5
2021-12-23 21:40,501.00,0.00,223.0,229.0
2021-12-23 21:50,527.00,0.00,227.5,233.5
2021-12-23 22:00,527.00,0.00,229.0,233.5
2021-12-23 22:10,518.00,0.00,226.0,230.5
2021-12-23 22:20,507.00,0.00,223.0,229.0
2021-12-23 22:30,507.00,0.00,223.0,229.0
2021-12-23 22:40,517.00,0.00,227.5,230.5
2021-12-23 22:50,196.10,0.00,227.5,238.0
2021-12-24 00:40,93.50,0.00,229.0,241.0
2021-12-24 00:50,128.00,0.00,229.0,238.0
2021-12-24 03:10,192.10,0.00,230.5,239.5
2021-12-24 03:20,6.20,0.00,230.5,239.5
2021-12-24 09:40,290.90,0.00,218.5,229.0
2021-12-24 09:50,475.00,0.00,212.5,221.5
2021-12-24 10:00,458.00,0.00,211.0,218.5
2021-12-24 10:10,462.00,0.00,209.5,218.5
2021-12-24 10:20,466.00,0.00,212.5,220.0
2021-12-24 10:30,478.00,0.00,212.5,227.5
2021-12-24 10:40,498.00,0.00,215.5,229.0
2021-12-24 10:50,482.00,0.00,211.0,226.0
2021-12-24 11:00,488.00,0.00,218.5,227.5
2021-12-24 11:10,486.00,0.00,215.5,224.5
2021-12-24 11:20,482.00,0.00,212.5,226.0
2021-12-24 11:30,467.00,0.00,209.5,224.5
2021-12-24 11:40,490.00,0.00,218.5,227.5
2021-12-24 11:50,499.00,0.00,221.5,227.5
2021-12-24 12:00,501.00,0.00,221.5,227.5
2021-12-24 12:10,510.00,0.00,224.5,229.0
2021-12-24 12:20,489.00,0.00,218.5,226.0
2021-12-24 12:30,452.00,0.00,218.5,235.0
2021-12-24 21:10,141.30,0.00,223.0,233.5
2021-12-24 21:20,503.00,0.00,223.0,227.5
2021-12-24 21:30,507.00,0.00,224.5,229.0
2021-12-24 21:40,513.00,0.00,226.0,229.0
2021-12-24 21:50,499.00,0.00,221.5,227.5
2021-12-24 22:00,501.00,0.00,223.0,226.0
2021-12-24 22:10,507.00,0.00,224.5,229.0
2021-12-24 22:20,521.00,0.00,226.0,230.5
2021-12-24 22:30,528.00,0.00,229.0,233.5
2021-12-24 22:40,526.00,0.00,229.0,232.0
2021-12-24 22:50,30.90,0.00,230.5,239.5
2021-12-25 10:20,141.20,0.00,212.5,229.0
2021-12-25 10:30,406.20,0.00,212.5,230.5
2021-12-25 10:40,491.00,0.00,218.5,226.0
2021-12-25 10:50,497.00,0.00,223.0,226.0
2021-12-25 11:00,491.00,0.00,220.0,227.5
2021-12-25 11:10,495.00,0.00,220.0,226.0
2021-12-25 11:20,494.00,0.00,220.0,227.5
2021-12-25 11:30,484.00,0.00,218.5,226.0
2021-12-25 11:40,488.00,0.00,215.5,226.0
2021-12-25 11:50,485.00,0.00,215.5,224.5
2021-12-25 12:00,491.00,0.00,218.5,226.0
2021-12-25 12:10,400.60,0.00,221.5,233.5
2021-12-25 14:20,197.80,0.00,224.5,235.0
2021-12-25 14:50,282.90,0.00,220.0,230.5
2021-12-25 15:00,173.20,0.00,220.0,233.5
2021-12-25 20:50,210.30,0.00,220.0,232.0
2021-12-25 21:00,486.00,0.00,218.5,224.5
2021-12-25 21:10,497.00,0.00,220.0,229.0
2021-12-25 21:20,504.00,0.00,221.5,230.5
2021-12-25 21:30,502.00,0.00,221.5,227.5
2021-12-25 21:40,502.00,0.00,221.5,229.0
2021-12-25 21:50,502.00,0.00,223.0,229.0
2021-12-25 22:00,506.00,0.00,221.5,230.5
2021-12-25 22:10,515.00,0.00,224.5,232.0
2021-12-25 22:20,507.00,0.00,221.5,230.5
2021-12-25 22:30,348.30,0.00,221.5,238.0
2021-12-26 00:20,103.90,0.00,227.5,238.0
2021-12-26 00:30,247.30,0.00,230.5,238.0
2021-12-26 02:50,130.10,0.00,229.0,238.0
2021-12-26 10:30,227.50,0.00,220.0,232.0
2021-12-26 10:40,494.00,0.00,215.5,229.0
2021-12-26 10:50,509.00,0.00,224.5,229.0
2021-12-26 11:00,510.00,0.00,226.0,229.0
2021-12-26 11:10,494.00,0.00,215.5,227.5
2021-12-26 11:20,489.00,0.00,218.5,226.0
2021-12-26 11:30,505.00,0.00,223.0,229.0
2021-12-26 11:40,502.00,0.00,223.0,227.5
2021-12-26 11:50,499.00,0.00,221.5,226.0
2021-12-26 12:00,506.00,0.00,223.0,229.0
2021-12-26 12:10,511.00,0.00,224.5,230.5
2021-12-26 12:20,511.00,0.00,223.0,229.0
2021-12-26 12:30,110.30,0.00,227.5,238.0
2021-12-26 16:20,347.80,0.00,218.5,229.0
2021-12-26 16:30,73.00,0.00,220.0,232.0
2021-12-26 19:40,153.70,0.00,220.0,233.5
2021-12-26 19:50,91.40,0.00,221.5,236.5
2021-12-26 21:10,315.20,0.00,221.5,235.0
2021-12-26 21:20,505.00,0.00,221.5,229.0
2021-12-26 21:30,513.00,0.00,224.5,230.5
2021-12-26 21:40,503.00,0.00,221.5,229.0
2021-12-26 21:50,476.00,0.00,215.5,226.0
2021-12-26 22:00,495.00,0.00,220.0,226.0
2021-12-26 22:10,500.00,0.00,223.0,226.0
2021-12-26 22:20,498.00,0.00,218.5,226.0
2021-12-26 22:30,495.00,0.00,220.0,227.5
2021-12-26 22:40,496.00,0.00,221.5,227.5
2021-12-26 22:50,341.40,0.00,223.0,235.0
2021-12-27 00:50,33.70,0.00,227.5,236.5
2021-12-27 01:00,176.80,0.00,227.5,236.5
2021-12-27 03:30,202.10,0.00,221.5,236.5
2021-12-27 08:50,249.70,0.00,211.0,227.5
2021-12-27 09:00,472.00,0.00,212.5,223.0
2021-12-27 09:10,468.00,0.00,212.5,220.0
2021-12-27 09:20,468.00,0.00,212.5,221.5
2021-12-27 09:30,473.00,0.00,214.0,223.0
2021-12-27 09:40,474.00,0.00,212.5,226.0
2021-12-27 09:50,197.50,0.00,212.5,229.0
2021-12-27 10:10,266.20,0.00,218.5,230.5
2021-12-27 10:20,141.10,0.00,214.0,230.5
2021-12-27 10:30,409.30,0.00,211.0,229.0
2021-12-27 10:40,484.00,0.00,215.5,224.5
2021-12-27 10:50,486.00,0.00,215.5,226.0
2021-12-27 11:00,485.00,0.00,218.5,226.0
2021-12-27 11:10,482.00,0.00,218.5,223.0
2021-12-27 11:20,492.00,0.00,220.0,226.0
2021-12-27 11:30,502.00,0.00,220.0,230.5
2021-12-27 11:40,498.00,0.00,221.5,227.5
2021-12-27 11:50,499.00,0.00,221.5,227.5
2021-12-27 12:00,497.00,0.00,221.5,226.0
2021-12-27 12:10,492.00,0.00,220.0,226.0
2021-12-27 12:20,416.00,0.00,220.0,230.5
2021-12-27 21:40,480.00,0.00,223.0,233.5
2021-12-27 21:50,500.00,0.00,223.0,226.0
2021-12-27 22:00,499.00,0.00,221.5,226.0
2021-12-27 22:10,504.00,0.00,224.5,227.5
2021-12-27 22:20,500.00,0.00,221.5,227.5
2021-12-27 22:30,507.00,0.00,226.0,227.5
2021-12-27 22:40,506.00,0.00,224.5,227.5
2021-12-27 22:50,512.00,0.00,224.5,230.5
2021-12-27 23:00,471.00,0.00,227.5,236.5
2021-12-28 00:20,236.50,0.00,227.5,238.0
2021-12-28 02:20,87.50,0.00,224.5,236.5
2021-12-28 02:30,115.00,0.00,224.5,238.0
2021-12-28 05:10,196.00,0.00,223.0,233.5
2021-12-28 09:40,370.50,0.00,214.0,227.5
2021-12-28 09:50,461.00,0.00,206.5,221.5
2021-12-28 10:00,460.00,0.00,208.0,221.5
2021-12-28 10:10,458.00,0.00,206.5,224.5
2021-12-28 10:20,483.00,0.00,215.5,224.5
2021-12-28 10:30,490.00,0.00,212.5,227.5
2021-12-28 10:40,472.00,0.00,212.5,221.5
2021-12-28 10:50,481.00,0.00,211.0,224.5
2021-12-28 11:00,488.00,0.00,218.5,224.5
2021-12-28 11:10,482.00,0.00,212.5,223.0
2021-12-28 11:20,480.00,0.00,215.5,223.0
2021-12-28 11:30,480.00,0.00,214.0,223.0
2021-12-28 11:40,184.00,0.00,220.0,230.5
2021-12-28 15:00,219.80,0.00,209.5,227.5
2021-12-28 15:10,452.00,0.00,206.5,221.5
2021-12-28 15:20,464.00,0.00,211.0,220.0
2021-12-28 15:30,479.00,0.00,215.5,221.5
2021-12-28 15:40,464.00,0.00,209.5,221.5
2021-12-28 15:50,478.00,0.00,214.0,223.0
2021-12-28 16:00,475.00,0.00,211.0,224.5
2021-12-28 16:10,468.00,0.00,211.0,220.0
2021-12-28 16:20,165.40,0.00,214.0,226.0
2021-12-28 22:00,130.80,0.00,224.5,236.5
2021-12-28 22:10,507.00,0.00,223.0,229.0
2021-12-28 22:20,516.00,0.00,226.0,230.5
2021-12-28 22:30,516.00,0.00,224.5,230.5
2021-12-28 22:40,514.00,0.00,226.0,230.5
2021-12-28 22:50,512.00,0.00,226.0,229.0
2021-12-28 23:00,207.10,0.00,227.5,238.0
2021-12-29 00:40,22.50,0.00,229.0,239.5
2021-12-29 00:50,206.60,0.00,229.0,238.0
2021-12-29 09:00,3.00,0.00,212.5,226.0
2021-12-29 09:10,333.70,0.00,205.0,218.5
2021-12-29 09:20,189.70,0.00,206.5,223.0
2021-12-29 09:30,455.00,0.00,206.5,220.0
2021-12-29 09:40,446.00,0.00,206.5,214.0
2021-12-29 09:50,440.00,0.00,206.5,215.5
2021-12-29 10:00,459.00,0.00,209.5,218.5
2021-12-29 10:10,455.00,0.00,206.5,218.5
2021-12-29 10:20,464.00,0.00,209.5,221.5
2021-12-29 10:30,464.00,0.00,206.5,221.5
2021-12-29 10:40,457.00,0.00,211.0,215.5
2021-12-29 10:50,434.00,0.00,206.5,215.5
2021-12-29 13:50,136.10,0.00,209.5,232.0
2021-12-29 14:00,453.00,0.00,208.0,218.5
2021-12-29 14:10,460.00,0.00,211.0,218.5
2021-12-29 14:20,449.00,0.00,206.5,218.5
2021-12-29 14:30,442.00,0.00,205.0,212.5
2021-12-29 14:40,457.00,0.00,206.5,220.0
2021-12-29 14:50,486.00,0.00,215.5,224.5
2021-12-29 15:00,494.00,0.00,220.0,226.0
2021-12-29 15:10,500.00,0.00,215.5,227.5
2021-12-29 15:20,482.00,0.00,212.5,224.5
2021-12-29 15:30,102.80,0.00,218.5,232.0
2021-12-29 20:00,294.60,0.00,218.5,232.0
2021-12-29 21:40,79.00,0.00,218.5,230.5
2021-12-29 21:50,474.00,0.00,214.0,223.0
2021-12-29 22:00,486.00,0.00,218.5,226.0
2021-12-29 22:10,484.00,0.00,218.5,227.5
2021-12-29 22:20,484.00,0.00,215.5,227.5
2021-12-29 22:30,496.00,0.00,221.5,227.5
2021-12-29 22:40,501.00,0.00,223.0,230.5
2021-12-29 22:50,512.00,0.00,224.5,229.0
2021-12-29 23:00,508.00,0.00,224.5,230.5
2021-12-29 23:10,509.00,0.00,223.0,230.5
2021-12-29 23:20,517.00,0.00,223.0,232.0
2021-12-29 23:30,126.10,0.00,226.0,239.5
2021-12-30 01:30,297.60,0.00,221.5,238.0
2021-12-30 04:50,84.70,0.00,215.5,235.0
2021-12-30 05:00,110.00,0.00,215.5,233.5
2021-12-30 10:10,227.80,0.00,212.5,227.5
2021-12-30 10:20,465.00,0.00,211.0,220.0
2021-12-30 10:30,476.00,0.00,215.5,221.5
2021-12-30 10:40,482.00,0.00,212.5,223.0
2021-12-30 10:50,462.00,0.00,211.0,220.0
2021-12-30 11:00,457.00,0.00,208.0,220.0
2021-12-30 11:10,460.00,0.00,209.5,221.5
2021-12-30 11:20,455.00,0.00,206.5,218.5
2021-12-30 11:30,450.00,0.00,206.5,220.0
2021-12-30 11:40,464.00,0.00,209.5,221.5
2021-12-30 11:50,476.00,0.00,214.0,221.5
2021-12-30 12:00,472.00,0.00,212.5,221.5
2021-12-30 12:10,475.00,0.00,214.0,223.0
2021-12-30 12:20,478.00,0.00,218.5,223.0
2021-12-30 12:30,479.00,0.00,215.5,221.5
2021-12-30 12:40,488.00,0.00,214.0,226.0
2021-12-30 12:50,485.00,0.00,218.5,224.5
2021-12-30 13:00,485.00,0.00,215.5,223.0
2021-12-30 13:10,485.00,0.00,214.0,224.5
2021-12-30 13:20,470.00,0.00,212.5,223.0
2021-12-30 13:30,471.00,0.00,212.5,223.0
2021-12-30 13:40,477.00,0.00,214.0,221.5
2021-12-30 13:50,472.00,0.00,215.5,220.0
2021-12-30 14:00,476.00,0.00,215.5,223.0
2021-12-30 14:10,476.00,0.00,215.5,221.5
2021-12-30 14:20,141.90,0.00,212.5,227.5
2021-12-30 16:00,190.10,0.00,211.0,226.0
2021-12-30 16:10,11.70,0.00,214.0,227.5
2021-12-30 20:20,400.20,0.00,209.5,224.5
2021-12-30 20:30,464.00,0.00,209.5,221.5
2021-12-30 20:40,480.00,0.00,214.0,223.0
2021-12-30 20:50,486.00,0.00,218.5,224.5
2021-12-30 21:00,497.00,0.00,221.5,226.0
2021-12-30 21:10,494.00,0.00,221.5,226.0
2021-12-30 21:20,485.00,0.00,220.0,223.0
2021-12-30 21:30,482.00,0.00,214.0,224.5
2021-12-30 21:40,485.00,0.00,220.0,223.0
2021-12-30 21:50,492.00,0.00,221.5,226.0
2021-12-30 22:00,497.00,0.00,223.0,226.0
2021-12-30 22:10,326.10,0.00,224.5,235.0
2021-12-30 23:30,180.00,0.00,229.0,241.0
2021-12-30 23:40,43.70,0.00,229.0,239.5
2021-12-31 01:00,10.30,0.00,229.0,236.5
2021-12-31 01:10,198.50,0.00,227.5,236.5
2021-12-31 03:20,149.00,0.00,229.0,236.5
2021-12-31 03:30,43.40,0.00,229.0,236.5
2021-12-31 06:10,176.80,0.00,218.5,235.0
2021-12-31 09:00,211.20,0.00,206.5,223.0
2021-12-31 09:10,166.30,0.00,203.5,221.5
2021-12-31 09:30,177.80,0.00,197.5,215.5
2021-12-31 09:40,445.00,0.00,205.0,218.5
2021-12-31 09:50,442.00,0.00,203.5,215.5
2021-12-31 10:00,449.00,0.00,205.0,220.0
2021-12-31 10:10,454.00,0.00,208.0,221.5
2021-12-31 10:20,466.00,0.00,209.5,221.5
2021-12-31 10:30,441.00,0.00,203.5,218.5
2021-12-31 10:40,466.00,0.00,209.5,221.5
2021-12-31 10:50,468.00,0.00,211.0,221.5
2021-12-31 11:00,468.00,0.00,209.5,223.0
2021-12-31 11:10,487.00,0.00,218.5,224.5
2021-12-31 11:20,483.00,0.00,214.0,227.5
2021-12-31 11:30,480.00,0.00,215.5,224.5
2021-12-31 11:40,477.00,0.00,214.0,223.0
2021-12-31 11:50,456.00,0.00,209.5,220.0
2021-12-31 12:00,74.80,0.00,208.0,227.5
2021-12-31 14:20,121.40,0.00,214.0,229.0
2021-12-31 14:30,477.00,0.00,211.0,224.5
2021-12-31 14:40,480.00,0.00,215.5,224.5
2021-12-31 14:50,159.40,0.00,215.5,229.0
2021-12-31 15:20,130.30,0.00,209.5,223.0
2021-12-31 15:30,282.80,0.00,211.0,223.0
2021-12-31 15:40,417.00,0.00,209.5,223.0
2021-12-31 15:50,442.00,0.00,205.0,215.5
2021-12-31 16:00,434.00,0.00,203.5,211.0
2021-12-31 16:10,455.00,0.00,206.5,215.5
2021-12-31 16:20,449.00,0.00,208.0,220.0
2021-12-31 16:30,451.00,0.00,206.5,218.5
2021-12-31 16:40,455.00,0.00,206.5,221.5
2021-12-31 16:50,272.10,0.00,209.5,230.5
2022-01-05 02:14,18.60,0.00,229.0,236.5
2022-01-05 02:15,51.80,0.00,229.0,230.5
2022-01-05 02:16,51.80,0.00,227.5,230.5
2022-01-05 02:17,51.70,0.00,229.0,230.5
2022-01-05 02:18,51.40,0.00,226.0,229.0
2022-01-05 02:19,14.61,0.00,229.0,236.5
2022-01-05 05:33,12.74,0.00,221.5,232.0
2022-01-05 05:34,23.94,0.00,218.5,232.0
2022-01-05 08:45,41.60,0.00,215.5,229.0
2022-01-05 08:46,47.90,0.00,215.5,221.5
2022-01-05 08:47,48.00,0.00,215.5,221.5
2022-01-05 08:48,48.30,0.00,220.0,223.0
2022-01-05 08:49,48.60,0.00,221.5,223.0
2022-01-05 08:50,48.60,0.00,221.5,223.0
2022-01-05 08:51,48.60,0.00,221.5,223.0
2022-01-05 08:52,48.50,0.00,221.5,221.5
2022-01-05 08:53,48.50,0.00,221.5,223.0
2022-01-05 08:54,48.30,0.00,220.0,221.5
2022-01-05 08:55,47.30,0.00,218.5,221.5
2022-01-05 08:56,47.30,0.00,218.5,220.0
2022-01-05 08:57,47.40,0.00,218.5,220.0
2022-01-05 08:58,47.90,0.00,218.5,223.0
2022-01-05 08:59,48.60,0.00,221.5,223.0
2022-01-05 09:00,48.60,0.00,221.5,223.0
2022-01-05 09:01,48.70,0.00,220.0,223.0
2022-01-05 09:02,48.80,0.00,221.5,223.0
2022-01-05 09:03,49.30,0.00,223.0,224.5
2022-01-05 09:04,48.90,0.00,220.0,223.0
2022-01-05 09:05,48.90,0.00,221.5,223.0
2022-01-05 09:06,49.00,0.00,221.5,223.0
2022-01-05 09:07,48.50,0.00,220.0,223.0
2022-01-05 09:08,48.20,0.00,218.5,223.0
2022-01-05 09:09,48.90,0.00,223.0,223.0
2022-01-05 09:10,49.00,0.00,223.0,223.0
2022-01-05 09:11,49.10,0.00,223.0,223.0
2022-01-05 09:12,48.80,0.00,221.5,223.0
2022-01-05 09:13,49.00,0.00,221.5,223.0
2022-01-05 09:14,48.90,0.00,221.5,223.0
2022-01-05 09:15,48.20,0.00,220.0,223.0
2022-01-05 09:16,48.50,0.00,218.5,221.5
2022-01-05 09:17,48.20,0.00,220.0,221.5
2022-01-05 09:18,48.10,0.00,215.5,221.5
2022-01-05 09:19,47.60,0.00,215.5,221.5
2022-01-05 09:20,48.80,0.00,221.5,223.0
2022-01-05 09:21,48.60,0.00,221.5,221.5
2022-01-05 09:22,48.60,0.00,221.5,221.5
2022-01-05 09:23,48.80,0.00,221.5,223.0
2022-01-05 09:24,49.00,0.00,221.5,223.0
2022-01-05 09:25,48.90,0.00,221.5,223.0
2022-01-05 09:26,48.70,0.00,221.5,223.0
2022-01-05 09:27,48.70,0.00,221.5,223.0
2022-01-05 09:28,48.60,0.00,221.5,221.5
2022-01-05 09:29,49.60,0.00,221.5,224.5
2022-01-05 09:30,50.20,0.00,224.5,226.0
2022-01-05 09:31,50.30,0.00,224.5,226.0
2022-01-05 09:32,50.20,0.00,224.5,226.0
2022-01-05 09:33,50.10,0.00,224.5,226.0
2022-01-05 09:34,50.30,0.00,224.5,226.0
2022-01-05 09:35,50.20,0.00,224.5,226.0
2022-01-05 09:36,50.10,0.00,224.5,226.0
2022-01-05 09:37,50.10,0.00,224.5,226.0
2022-01-05 09:38,50.10,0.00,224.5,226.0
2022-01-05 09:39,50.10,0.00,223.0,226.0
2022-01-05 09:40,49.30,0.00,221.5,224.5
2022-01-05 09:41,49.30,0.00,223.0,223.0
2022-01-05 09:42,49.10,0.00,223.0,223.0
2022-01-05 09:43,49.30,0.00,223.0,224.5
2022-01-05 09:44,49.50,0.00,223.0,224.5
2022-01-05 09:45,49.40,0.00,223.0,224.5
2022-01-05 09:46,49.10,0.00,223.0,223.0
2022-01-05 09:47,49.00,0.00,223.0,223.0
2022-01-05 09:48,49.20,0.00,223.0,224.5
2022-01-05 09:49,49.10,0.00,223.0,223.0
2022-01-05 09:50,48.40,0.00,220.0,223.0
2022-01-05 09:51,48.30,0.00,220.0,221.5
2022-01-05 09:52,48.30,0.00,221.5,221.5
2022-01-05 09:53,47.30,0.00,218.5,221.5
2022-01-05 09:54,47.10,0.00,218.5,218.5
2022-01-05 09:55,48.10,0.00,218.5,221.5
2022-01-05 09:56,48.00,0.00,220.0,221.5
2022-01-05 09:57,28.04,0.00,215.5,226.0
2022-01-05 10:22,20.07,0.00,221.5,229.0
2022-01-05 10:23,48.00,0.00,218.5,221.5
2022-01-05 10:24,47.70,0.00,218.5,220.0
2022-01-05 10:25,49.40,0.00,223.0,224.5
2022-01-05 10:26,48.10,0.00,218.5,224.5
2022-01-05 10:27,48.30,0.00,218.5,224.5
2022-01-05 10:28,20.04,0.00,221.5,230.5
2022-01-05 12:06,23.36,0.00,221.5,232.0
2022-01-05 12:07,49.70,0.00,223.0,224.5
2022-01-05 12:08,49.70,0.00,223.0,224.5
2022-01-05 12:09,49.80,0.00,223.0,224.5
2022-01-05 12:10,49.60,0.00,223.0,224.5
2022-01-05 12:11,50.00,0.00,223.0,226.0
2022-01-05 12:12,49.80,0.00,223.0,224.5
2022-01-05 12:13,49.90,0.00,223.0,226.0
2022-01-05 12:14,49.80,0.00,223.0,224.5
2022-01-05 12:15,48.80,0.00,221.5,224.5
2022-01-05 12:16,47.80,0.00,215.5,223.0
2022-01-05 12:17,48.20,0.00,215.5,221.5
2022-01-05 12:18,48.60,0.00,220.0,221.5
2022-01-05 12:19,48.30,0.00,218.5,221.5
2022-01-05 12:20,48.50,0.00,220.0,223.0
2022-01-05 12:21,48.00,0.00,218.5,221.5
2022-01-05 12:22,48.00,0.00,218.5,221.5
2022-01-05 12:23,48.10,0.00,220.0,221.5
2022-01-05 12:24,47.60,0.00,218.5,220.0
2022-01-05 12:25,48.40,0.00,220.0,221.5
2022-01-05 12:26,47.70,0.00,214.0,221.5
2022-01-05 12:27,47.60,0.00,218.5,220.0
2022-01-05 12:28,48.20,0.00,220.0,221.5
2022-01-05 12:29,48.40,0.00,215.5,221.5
2022-01-05 12:30,48.40,0.00,215.5,223.0
2022-01-05 12:31,47.70,0.00,214.0,221.5
2022-01-05 12:32,47.60,0.00,215.5,221.5
2022-01-05 12:33,46.70,0.00,215.5,218.5
2022-01-05 12:34,47.80,0.00,215.5,223.0
2022-01-05 12:35,48.60,0.00,220.0,223.0
2022-01-05 12:36,48.50,0.00,218.5,223.0
2022-01-05 12:37,47.60,0.00,215.5,220.0
2022-01-05 12:38,47.50,0.00,218.5,220.0
2022-01-05 12:39,47.80,0.00,215.5,220.0
2022-01-05 12:40,47.70,0.00,215.5,223.0
2022-01-05 12:41,49.20,0.00,221.5,224.5
2022-01-05 12:42,49.30,0.00,221.5,224.5
2022-01-05 12:43,49.20,0.00,223.0,224.5
2022-01-05 12:44,48.60,0.00,220.0,223.0
2022-01-05 12:45,48.50,0.00,220.0,221.5
2022-01-05 12:46,49.00,0.00,221.5,223.0
2022-01-05 12:47,49.10,0.00,221.5,223.0
2022-01-05 12:48,49.30,0.00,223.0,223.0
2022-01-05 12:49,49.40,0.00,223.0,224.5
2022-01-05 12:50,48.90,0.00,221.5,223.0
2022-01-05 12:51,48.90,0.00,221.5,223.0
2022-01-05 12:52,49.30,0.00,223.0,224.5
2022-01-05 12:53,49.10,0.00,221.5,223.0
2022-01-05 12:54,48.80,0.00,220.0,223.0
2022-01-05 12:55,48.00,0.00,218.5,221.5
2022-01-05 12:56,48.00,0.00,218.5,221.5
2022-01-05 12:57,48.40,0.00,220.0,223.0
2022-01-05 12:58,48.10,0.00,215.5,223.0
2022-01-05 12:59,13.91,0.00,220.0,230.5
2022-01-05 19:42,23.36,0.00,220.0,229.0
2022-01-05 19:43,48.10,0.00,220.0,221.5
2022-01-05 19:44,47.90,0.00,218.5,221.5
2022-01-05 19:45,48.50,0.00,220.0,221.5
2022-01-05 19:46,48.50,0.00,220.0,221.5
2022-01-05 19:47,48.70,0.00,220.0,223.0
2022-01-05 19:48,34.25,0.00,221.5,230.5
2022-01-05 20:04,2.81,0.00,221.5,230.5
2022-01-05 20:05,48.60,0.00,220.0,223.0
2022-01-05 20:06,47.60,0.00,215.5,220.0
2022-01-05 20:07,46.70,0.00,215.5,215.5
2022-01-05 20:08,45.80,0.00,212.5,215.5
2022-01-05 20:09,46.20,0.00,212.5,215.5
2022-01-05 20:10,47.50,0.00,215.5,220.0
2022-01-05 20:11,47.60,0.00,218.5,220.0
2022-01-05 20:12,48.00,0.00,218.5,221.5
2022-01-05 20:13,48.30,0.00,220.0,221.5
2022-01-05 20:14,48.40,0.00,220.0,221.5
2022-01-05 20:15,48.10,0.00,220.0,221.5
2022-01-05 20:16,47.80,0.00,218.5,220.0
2022-01-05 20:17,47.50,0.00,218.5,220.0
2022-01-05 20:18,47.70,0.00,218.5,220.0
2022-01-05 20:19,47.70,0.00,220.0,220.0
2022-01-05 20:20,48.00,0.00,220.0,221.5
2022-01-05 20:21,48.20,0.00,220.0,221.5
2022-01-05 20:22,48.30,0.00,220.0,221.5
2022-01-05 20:23,48.70,0.00,220.0,223.0
2022-01-05 20:24,48.70,0.00,220.0,223.0
2022-01-05 20:25,48.30,0.00,220.0,221.5
2022-01-05 20:26,48.20,0.00,220.0,221.5
2022-01-05 20:27,47.90,0.00,220.0,221.5
2022-01-05 20:28,48.00,0.00,220.0,221.5
2022-01-05 20:29,48.50,0.00,220.0,221.5
2022-01-05 20:30,48.50,0.00,220.0,223.0
2022-01-05 20:31,48.50,0.00,220.0,223.0
2022-01-05 20:32,48.30,0.00,220.0,221.5
2022-01-05 20:33,48.10,0.00,220.0,221.5
2022-01-05 20:34,48.20,0.00,220.0,221.5
2022-01-05 20:35,48.70,0.00,221.5,221.5
2022-01-05 20:36,49.10,0.00,221.5,223.0
2022-01-05 20:37,49.00,0.00,221.5,223.0
2022-01-05 20:38,48.90,0.00,221.5,223.0
2022-01-05 20:39,48.30,0.00,220.0,223.0
2022-01-05 20:40,48.20,0.00,220.0,221.5
2022-01-05 20:41,47.60,0.00,218.5,220.0
2022-01-05 20:42,48.00,0.00,220.0,221.5
2022-01-05 20:43,48.20,0.00,220.0,221.5
2022-01-05 20:44,48.10,0.00,220.0,221.5
2022-01-05 20:45,48.00,0.00,218.5,221.5
2022-01-05 20:46,48.00,0.00,220.0,221.5
2022-01-05 20:47,47.70,0.00,218.5,220.0
2022-01-05 20:48,47.80,0.00,220.0,220.0
2022-01-05 20:49,48.90,0.00,220.0,221.5
2022-01-05 20:50,48.30,0.00,220.0,221.5
2022-01-05 20:51,48.30,0.00,220.0,221.5
2022-01-05 20:52,47.90,0.00,220.0,221.5
2022-01-05 20:53,48.20,0.00,220.0,221.5
2022-01-05 20:54,48.20,0.00,218.5,221.5
2022-01-05 20:55,48.70,0.00,221.5,223.0
2022-01-05 20:56,48.90,0.00,221.5,223.0
2022-01-05 20:57,48.70,0.00,221.5,223.0
2022-01-05 20:58,48.10,0.00,218.5,223.0
2022-01-05 20:59,48.20,0.00,220.0,221.5
2022-01-05 21:00,47.90,0.00,220.0,221.5
2022-01-05 21:01,48.20,0.00,220.0,221.5
2022-01-05 21:02,48.10,0.00,220.0,221.5
2022-01-05 21:03,48.50,0.00,220.0,223.0
2022-01-05 21:04,48.10,0.00,221.5,223.0
2022-01-05 21:05,49.40,0.00,223.0,224.5
2022-01-05 21:06,49.40,0.00,223.0,224.5
2022-01-05 21:07,49.30,0.00,223.0,223.0
2022-01-05 21:08,49.10,0.00,221.5,223.0
2022-01-05 21:09,48.80,0.00,221.5,223.0
2022-01-05 21:10,48.70,0.00,221.5,223.0
2022-01-05 21:11,49.00,0.00,221.5,223.0
2022-01-05 21:12,49.20,0.00,223.0,224.5
2022-01-05 21:13,49.30,0.00,223.0,224.5
2022-01-05 21:14,49.80,0.00,223.0,224.5
2022-01-05 21:15,49.80,0.00,223.0,226.0
2022-01-05 21:16,48.90,0.00,221.5,223.0
2022-01-05 21:17,48.70,0.00,221.5,223.0
2022-01-05 21:18,48.40,0.00,221.5,221.5
2022-01-05 21:19,48.60,0.00,221.5,221.5
2022-01-05 21:20,48.60,0.00,221.5,223.0
2022-01-05 21:21,48.80,0.00,221.5,223.0
2022-01-05 21:22,48.90,0.00,220.0,223.0
2022-01-05 21:23,47.80,0.00,220.0,220.0
2022-01-05 21:24,47.90,0.00,220.0,221.5
2022-01-05 21:25,48.00,0.00,220.0,221.5
2022-01-05 21:26,47.90,0.00,218.5,221.5
2022-01-05 21:27,48.70,0.00,221.5,223.0
2022-01-05 21:28,48.40,0.00,220.0,223.0
2022-01-05 21:29,49.10,0.00,221.5,224.5
2022-01-05 21:30,48.60,0.00,221.5,223.0
2022-01-05 21:31,48.20,0.00,220.0,221.5
2022-01-05 21:32,48.30,0.00,220.0,221.5
2022-01-05 21:33,47.80,0.00,218.5,221.5
2022-01-05 21:34,48.00,0.00,218.5,223.0
2022-01-05 21:35,48.40,0.00,220.0,223.0
2022-01-05 21:36,48.30,0.00,220.0,221.5
2022-01-05 21:37,48.40,0.00,220.0,223.0
2022-01-05 21:38,48.70,0.00,220.0,223.0
2022-01-05 21:39,48.70,0.00,221.5,223.0
2022-01-05 21:40,41.90,0.00,218.5,227.5
2022-01-05 23:34,30.64,0.00,227.5,235.0
2022-01-05 23:35,50.80,0.00,226.0,227.5
2022-01-05 23:36,51.10,0.00,227.5,229.0
2022-01-05 23:37,51.00,0.00,226.0,227.5
2022-01-05 23:38,20.98,0.00,227.5,236.5
2022-01-01 05:00,199.00,0.00,223.0,235.0
2022-01-01 05:10,499.00,0.00,223.0,226.0
2022-01-01 05:20,502.00,0.00,223.0,226.0
2022-01-01 05:30,496.00,0.00,221.5,226.0
2022-01-01 05:40,503.00,0.00,223.0,227.5
2022-01-01 05:50,500.00,0.00,223.0,226.0
2022-01-01 06:00,499.00,0.00,223.0,226.0
2022-01-01 06:10,496.00,0.00,221.5,226.0
2022-01-01 06:20,254.40,0.00,223.0,233.5
2022-01-01 11:00,273.40,0.00,211.0,232.0
2022-01-01 13:40,140.50,0.00,223.0,235.0
2022-01-01 13:50,482.00,0.00,214.0,224.5
2022-01-01 14:00,480.00,0.00,215.5,224.5
2022-01-01 14:10,484.00,0.00,218.5,223.0
2022-01-01 14:20,470.00,0.00,211.0,221.5
2022-01-01 14:30,459.00,0.00,211.0,220.0
2022-01-01 14:40,467.00,0.00,212.5,220.0
2022-01-01 14:50,465.00,0.00,211.0,220.0
2022-01-01 15:00,455.00,0.00,208.0,218.5
2022-01-01 15:10,424.00,0.00,200.5,214.0
2022-01-01 15:20,102.70,0.00,208.0,220.0
2022-01-01 21:10,250.50,0.00,218.5,233.5
2022-01-01 21:20,494.00,0.00,220.0,227.5
2022-01-01 21:30,477.00,0.00,212.5,227.5
2022-01-01 21:40,487.00,0.00,218.5,226.0
2022-01-01 21:50,481.00,0.00,215.5,223.0
2022-01-01 22:00,486.00,0.00,215.5,224.5
2022-01-01 22:10,494.00,0.00,218.5,227.5
2022-01-01 22:20,512.00,0.00,226.0,229.0
2022-01-01 22:30,509.00,0.00,226.0,229.0
2022-01-01 22:40,509.00,0.00,224.5,229.0
2022-01-01 22:50,0.60,0.00,230.5,236.5
2022-01-02 00:50,232.70,0.00,224.5,233.5
2022-01-02 03:30,202.10,0.00,224.5,235.0
2022-01-02 06:00,0.10,0.00,227.5,233.5
2022-01-02 10:40,53.60,0.00,214.0,226.0
2022-01-02 10:50,471.00,0.00,212.5,221.5
2022-01-02 11:00,460.00,0.00,208.0,218.5
2022-01-02 11:10,456.00,0.00,209.5,218.5
2022-01-02 11:20,464.00,0.00,209.5,220.0
2022-01-02 11:30,480.00,0.00,214.0,226.0
2022-01-02 11:40,471.00,0.00,214.0,224.5
2022-01-02 11:50,460.00,0.00,211.0,215.5
2022-01-02 12:00,478.00,0.00,214.0,223.0
2022-01-02 12:10,480.00,0.00,212.5,224.5
2022-01-02 12:20,474.00,0.00,212.5,223.0
2022-01-02 12:30,491.00,0.00,218.5,226.0
2022-01-02 12:40,472.00,0.00,214.0,223.0
2022-01-02 12:50,75.10,0.00,218.5,233.5
2022-01-02 14:20,206.90,0.00,212.5,230.5
2022-01-02 14:30,140.00,0.00,212.5,229.0
2022-01-02 14:40,143.70,0.00,212.5,229.0
2022-01-02 14:50,65.90,0.00,212.5,226.0
2022-01-02 15:30,282.60,0.00,212.5,229.0
2022-01-02 15:40,476.00,0.00,211.0,223.0
2022-01-02 15:50,478.00,0.00,214.0,223.0
2022-01-02 16:00,474.00,0.00,212.5,221.5
2022-01-02 16:10,457.00,0.00,211.0,215.5
2022-01-02 16:20,21.60,0.00,212.5,229.0
2022-01-02 20:30,122.30,0.00,214.0,226.0
2022-01-02 20:40,469.00,0.00,214.0,220.0
2022-01-02 20:50,484.00,0.00,214.0,226.0
2022-01-02 21:00,495.00,0.00,220.0,226.0
2022-01-02 21:10,500.00,0.00,224.5,227.5
2022-01-02 21:20,501.00,0.00,221.5,227.5
2022-01-02 21:30,492.00,0.00,220.0,226.0
2022-01-02 21:40,363.30,0.00,221.5,232.0
2022-01-02 23:10,229.60,0.00,224.5,236.5
2022-01-03 01:20,204.50,0.00,229.0,239.5
2022-01-03 04:10,216.60,0.00,230.5,241.0
2022-01-03 09:40,98.40,0.00,220.0,232.0
2022-01-03 09:50,480.00,0.00,214.0,224.5
2022-01-03 10:00,486.00,0.00,215.5,226.0
2022-01-03 10:10,478.00,0.00,214.0,223.0
2022-01-03 10:20,472.00,0.00,211.0,223.0
2022-01-03 10:30,474.00,0.00,212.5,221.5
2022-01-03 10:40,466.00,0.00,211.0,221.5
2022-01-03 10:50,492.00,0.00,215.5,227.5
2022-01-03 11:00,477.00,0.00,214.0,227.5
2022-01-03 11:10,489.00,0.00,215.5,227.5
2022-01-03 11:20,483.00,0.00,214.0,226.0
2022-01-03 11:30,489.00,0.00,218.5,227.5
2022-01-03 11:40,485.00,0.00,212.5,226.0
2022-01-03 11:50,481.00,0.00,214.0,224.5
2022-01-03 12:00,487.00,0.00,214.0,226.0
2022-01-03 12:10,460.00,0.00,218.5,232.0
2022-01-03 12:40,172.30,0.00,226.0,236.5
2022-01-03 12:50,366.50,0.00,220.0,233.5
2022-01-03 15:30,269.30,0.00,215.5,229.0
2022-01-03 15:40,128.10,0.00,218.5,233.5
2022-01-03 16:00,204.10,0.00,218.5,229.0
2022-01-03 16:20,161.80,0.00,214.0,226.0
2022-01-03 16:30,464.00,0.00,212.5,218.5
2022-01-03 16:40,473.00,0.00,214.0,221.5
2022-01-03 16:50,463.00,0.00,212.5,218.5
2022-01-03 17:00,318.10,0.00,215.5,229.0
2022-01-03 20:30,394.90,0.00,223.0,233.5
2022-01-03 20:40,502.00,0.00,223.0,227.5
2022-01-03 20:50,500.00,0.00,221.5,226.0
2022-01-03 21:00,498.00,0.00,223.0,226.0
2022-01-03 21:10,487.00,0.00,218.5,226.0
2022-01-03 21:20,495.00,0.00,221.5,227.5
2022-01-03 21:30,499.00,0.00,223.0,226.0
2022-01-03 21:40,422.00,0.00,221.5,233.5
2022-01-03 23:50,264.10,0.00,224.5,235.0
2022-01-04 03:00,181.10,0.00,224.5,233.5
2022-01-04 09:10,353.30,0.00,209.5,224.5
2022-01-04 09:20,229.70,0.00,211.0,232.0
2022-01-04 10:20,327.00,0.00,221.5,232.0
2022-01-04 10:30,481.00,0.00,214.0,224.5
2022-01-04 10:40,487.00,0.00,220.0,226.0
2022-01-04 10:50,487.00,0.00,215.5,224.5
2022-01-04 11:00,486.00,0.00,218.5,226.0
2022-01-04 11:10,482.00,0.00,218.5,224.5
2022-01-04 11:20,496.00,0.00,220.0,226.0
2022-01-04 11:30,499.00,0.00,221.5,226.0
2022-01-04 11:40,501.00,0.00,223.0,227.5
2022-01-04 11:50,495.00,0.00,220.0,226.0
2022-01-04 12:00,235.20,0.00,221.5,233.5
2022-01-04 12:10,495.00,0.00,220.0,226.0
2022-01-04 12:20,495.00,0.00,218.5,227.5
2022-01-04 12:30,482.00,0.00,215.5,223.0
2022-01-04 12:40,59.30,0.00,221.5,233.5
2022-01-04 19:30,411.00,0.00,215.5,230.5
2022-01-04 19:40,47.80,0.00,221.5,233.5
2022-01-04 19:50,273.60,0.00,215.5,229.0
2022-01-04 20:00,483.00,0.00,218.5,224.5
2022-01-04 20:10,477.00,0.00,215.5,223.0
2022-01-04 20:20,488.00,0.00,220.0,224.5
2022-01-04 20:30,494.00,0.00,218.5,226.0
2022-01-04 20:40,500.00,0.00,223.0,227.5
2022-01-04 20:50,499.00,0.00,223.0,227.5
2022-01-04 21:00,498.00,0.00,223.0,227.5
2022-01-04 21:10,511.00,0.00,226.0,230.5
2022-01-04 21:20,512.00,0.00,226.0,230.5
2022-01-04 21:30,58.30,0.00,227.5,236.5
2022-01-04 23:40,206.50,0.00,226.0,236.5
